Customer Segment,City,ZIP,Store Number,Avg Num Products Purchased,# Years as Customer,Avg Sale Amount
Store Mailing List,Denver,80224,100,1,6,227.9
Store Mailing List,Greenwood Village,80111,105,1,6,55
Store Mailing List,Centennial,80122,101,1,3,212.57
Store Mailing List,Denver,80239,105,1,6,195.31
Store Mailing List,Denver,80206,100,1,2,110.55
Store Mailing List,Denver,80212,106,1,8,149.01
Store Mailing List,Lakewood,80214,108,1,7,49.37
Store Mailing List,Arvada,80002,103,3,1,153.97
Store Mailing List,Broomfield,80020,107,2,2,173.15
Store Mailing List,Aurora,80016,102,1,6,105.24
Store Mailing List,Aurora,80013,104,4,3,245.16
Store Mailing List,Aurora,80014,102,2,1,85.02
Store Mailing List,Aurora,80010,100,1,1,14.53
Store Mailing List,Denver,80230,105,2,6,190.29
Store Mailing List,Arvada,80005,103,1,5,209.3
Store Mailing List,Englewood,80113,101,4,6,273.15
Store Mailing List,Denver,80209,100,1,2,197.43
Store Mailing List,Denver,80231,105,3,1,210.63
Store Mailing List,Broomfield,80020,109,1,4,206.31
Store Mailing List,Arvada,80004,108,1,1,206.78
Store Mailing List,Denver,80211,107,1,1,69.55
Store Mailing List,Aurora,80013,104,1,6,93.72
Store Mailing List,Broomfield,80021,103,1,7,58.91
Store Mailing List,Centennial,80015,104,1,4,75.67
Store Mailing List,Arvada,80002,107,1,2,139.11
Store Mailing List,Aurora,80016,102,1,6,178.14
Store Mailing List,Arvada,80004,108,1,8,117.06
Store Mailing List,Aurora,80012,105,1,5,50.57
Store Mailing List,Denver,80207,100,1,4,57.27
Store Mailing List,Westminster,80020,109,1,8,150.74
Store Mailing List,Aurora,80012,105,1,3,196.4
Store Mailing List,Denver,80210,100,1,2,165.11
Store Mailing List,Northglenn,80233,103,1,6,174.45
Store Mailing List,Denver,80220,100,1,7,196.79
Store Mailing List,Denver,80234,109,1,2,167.89
Store Mailing List,Denver,80207,107,1,1,247
Store Mailing List,Lakewood,80226,106,1,7,176.48
Store Mailing List,Lakewood,80226,100,1,5,25.61
Store Mailing List,Littleton,80120,100,1,6,175.02
Store Mailing List,Lakewood,80226,106,1,2,135.72
Store Mailing List,Denver,80210,101,1,1,31.88
Store Mailing List,Aurora,80013,104,1,7,16.58
Store Mailing List,Denver,80238,105,4,5,161.66
Store Mailing List,Denver,80219,101,1,3,216.06
Store Mailing List,Denver,80219,105,2,6,163.73
Store Mailing List,Denver,80220,106,2,1,212.31
Store Mailing List,Lakewood,80226,101,3,7,173.95
Store Mailing List,Denver,80247,100,3,8,243.54
Store Mailing List,Centennial,80015,104,1,8,126.72
Store Mailing List,Lakewood,80232,106,1,6,213.89
Store Mailing List,Denver,80219,106,1,3,205.21
Store Mailing List,Denver,80203,105,2,8,259.68
Store Mailing List,Aurora,80012,105,1,4,27.08
Store Mailing List,Denver,80220,106,1,2,217.01
Store Mailing List,Denver,80224,100,1,4,95.12
Store Mailing List,Arvada,80002,107,1,5,217.05
Store Mailing List,Denver,80222,100,1,1,217.55
Store Mailing List,Aurora,80013,104,1,2,244.86
Store Mailing List,Denver,80246,100,2,7,269.07
Store Mailing List,Westminster,80030,103,2,4,248.2
Store Mailing List,Lakewood,80226,107,3,1,157.6
Store Mailing List,Centennial,80015,105,2,4,171.55
Store Mailing List,Denver,80210,101,3,6,147.9
Store Mailing List,Aurora,80016,100,1,6,17.57
Store Mailing List,Aurora,80017,105,2,5,265.04
Store Mailing List,Denver,80219,107,2,2,161.32
Store Mailing List,Arvada,80005,108,1,1,174.97
Store Mailing List,Parker,80138,102,1,2,229.08
Store Mailing List,Denver,80207,100,1,4,136.52
Store Mailing List,Denver,80202,106,1,2,160.13
Store Mailing List,Arvada,80403,108,1,4,69.21
Store Mailing List,Arvada,80005,106,2,7,237.24
Store Mailing List,Denver,80202,103,1,6,240.79
Store Mailing List,Aurora,80013,104,2,6,85.47
Store Mailing List,Broomfield,80020,108,2,7,102.31
Store Mailing List,Denver,80247,100,3,4,132.08
Store Mailing List,Littleton,80123,101,3,1,183.69
Store Mailing List,Lakewood,80232,101,1,3,184.6
Store Mailing List,Denver,80247,100,1,5,237.64
Store Mailing List,Superior,80027,109,1,1,131.67
Store Mailing List,Parker,80134,102,2,5,175.82
Store Mailing List,Aurora,80015,104,1,7,76.47
Store Mailing List,Lakewood,80226,106,1,6,194.4
Store Mailing List,Denver,80231,102,1,6,193.08
Store Mailing List,Lakewood,80214,106,1,7,34.98
Store Mailing List,Aurora,80012,105,3,4,220.74
Store Mailing List,Lakewood,80215,101,2,4,169.11
Store Mailing List,Arvada,80003,107,2,7,75.51
Store Mailing List,Denver,80219,100,2,5,84.67
Store Mailing List,Arvada,80004,109,3,7,150.8
Store Mailing List,Denver,80219,100,1,8,45.77
Store Mailing List,Broomfield,80020,109,1,4,231.88
Store Mailing List,Denver,80220,103,1,7,162.67
Store Mailing List,Parker,80134,102,1,7,195.13
Store Mailing List,Thornton,80229,107,1,2,195.62
Store Mailing List,Denver,80203,100,1,6,185.83
Store Mailing List,Broomfield,80020,109,1,3,75.35
Store Mailing List,Lakewood,80214,106,1,1,128.04
Store Mailing List,Arvada,80005,109,1,8,179.46
Store Mailing List,Broomfield,80020,109,1,4,59.98
Store Mailing List,Centennial,80015,104,1,4,124.4
Store Mailing List,Aurora,80018,104,1,3,109.89
Store Mailing List,Denver,80203,106,1,2,216.6
Store Mailing List,Denver,80249,104,1,2,48.73
Store Mailing List,Denver,80212,108,1,7,242.08
Store Mailing List,Aurora,80015,104,1,2,108.69
Store Mailing List,Aurora,80017,104,1,2,64.14
Store Mailing List,Arvada,80002,107,1,7,155.09
Store Mailing List,Greenwood Village,80111,104,1,5,234.91
Store Mailing List,Thornton,80229,107,1,3,16.05
Store Mailing List,Northglenn,80234,109,1,3,41.08
Store Mailing List,Denver,80220,100,1,2,134.45
Store Mailing List,Denver,80221,103,1,1,124.97
Store Mailing List,Arvada,80003,103,1,3,194.22
Store Mailing List,Lakewood,80214,106,1,1,197.92
Store Mailing List,Arvada,80005,103,1,8,190.56
Store Mailing List,Denver,80210,107,1,5,255.36
Store Mailing List,Englewood,80112,105,1,8,20.82
Store Mailing List,Thornton,80229,103,1,8,229.88
Store Mailing List,Arvada,80005,108,1,6,244.74
Store Mailing List,Lakewood,80215,107,1,2,169.97
Store Mailing List,Lakewood,80232,106,1,2,95.64
Store Mailing List,Denver,80231,105,1,8,81.29
Store Mailing List,Aurora,80011,104,1,3,225.97
Store Mailing List,Westminster,80031,108,1,1,78.28
Store Mailing List,Denver,80236,101,1,2,83.32
Store Mailing List,Aurora,80015,104,1,2,21.08
Store Mailing List,Aurora,80011,105,1,5,229.48
Store Mailing List,Denver,80231,100,2,5,222.98
Store Mailing List,Denver,80227,101,1,6,57.61
Store Mailing List,Arvada,80005,106,1,2,81.5
Store Mailing List,Arvada,80003,107,1,2,86.16
Store Mailing List,Englewood,80111,104,1,2,145.72
Store Mailing List,Lakewood,80215,106,1,7,58.91
Store Mailing List,Brighton,80602,103,1,1,16.67
Store Mailing List,Denver,80236,101,1,6,218.44
Store Mailing List,Aurora,80012,100,1,3,113.85
Store Mailing List,Arvada,80003,103,2,5,231.04
Store Mailing List,Westminster,80020,107,4,4,232.19
Store Mailing List,Lakewood,80214,108,3,2,229.95
Store Mailing List,Broomfield,80021,103,2,2,135.28
Store Mailing List,Broomfield,80021,108,3,2,136.31
Store Mailing List,Centennial,80015,102,2,6,180.12
Store Mailing List,Aurora,80011,105,1,3,201.5
Store Mailing List,Littleton,80123,106,1,7,123.64
Store Mailing List,Golden,80401,106,1,6,114.7
Store Mailing List,Denver,80219,101,1,2,180.26
Store Mailing List,Denver,80247,100,1,8,164.04
Store Mailing List,Arvada,80003,103,1,8,187.17
Store Mailing List,Westminster,80234,103,1,1,157.5
Store Mailing List,Aurora,80013,104,1,6,109.8
Store Mailing List,Broomfield,80020,109,1,2,74.85
Store Mailing List,Denver,80227,101,1,7,66.06
Store Mailing List,Aurora,80011,105,1,2,193.22
Store Mailing List,Englewood,80110,101,3,2,228.51
Store Mailing List,Wheat Ridge,80033,108,1,1,213.83
Store Mailing List,Denver,80222,100,1,6,264.84
Store Mailing List,Lakewood,80226,106,1,4,60.99
Store Mailing List,Aurora,80010,104,1,7,201.21
Store Mailing List,Denver,80210,100,1,8,205.56
Store Mailing List,Westminster,80020,103,1,8,147.39
Store Mailing List,Denver,80212,107,1,4,240.49
Store Mailing List,Aurora,80016,102,1,2,99.99
Store Mailing List,Denver,80219,100,3,6,236.06
Store Mailing List,Lakewood,80215,106,2,5,185.52
Store Mailing List,Lakewood,80226,106,1,2,232.13
Store Mailing List,Englewood,80111,105,1,3,69.41
Store Mailing List,Lakewood,80226,100,1,3,250.46
Store Mailing List,Denver,80224,100,1,2,234.7
Store Mailing List,Aurora,80013,104,1,1,223.54
Store Mailing List,Castle Pines,80108,102,2,4,97.97
Store Mailing List,Aurora,80013,104,1,2,140.94
Store Mailing List,Greenwood Village,80111,102,1,3,114.48
Store Mailing List,Denver,80205,108,1,4,186.2
Store Mailing List,Aurora,80012,104,1,7,204.57
Store Mailing List,Centennial,80015,104,1,2,208.93
Store Mailing List,Denver,80219,108,1,7,107.89
Store Mailing List,Denver,80232,101,1,4,22.94
Store Mailing List,Lakewood,80227,106,1,6,170.54
Store Mailing List,Thornton,80602,103,1,8,161.58
Store Mailing List,Arvada,80002,108,1,8,92.42
Store Mailing List,Denver,80223,100,3,6,195.55
Store Mailing List,Denver,80221,107,2,3,252.94
Store Mailing List,Denver,80237,101,1,8,213.83
Store Mailing List,Denver,80236,107,3,4,146.68
Store Mailing List,Aurora,80013,104,1,2,107.18
Store Mailing List,Lakewood,80215,108,1,3,243.03
Store Mailing List,Broomfield,80021,109,1,3,44.69
Store Mailing List,Arvada,80003,108,1,1,254.07
Store Mailing List,Aurora,80013,105,1,1,56
Store Mailing List,Lakewood,80228,101,1,2,147.58
Store Mailing List,Broomfield,80020,109,3,1,162
Store Mailing List,Westminster,80031,107,1,4,243.19
Store Mailing List,Arvada,80003,103,3,5,218.02
Store Mailing List,Denver,80209,101,2,7,175.66
Store Mailing List,Denver,80247,100,1,8,117
Store Mailing List,Aurora,80011,105,2,3,125.5
Store Mailing List,Arvada,80003,106,3,4,155.08
Store Mailing List,Denver,80247,100,3,8,174.72
Store Mailing List,Thornton,80241,103,1,4,243.12
Store Mailing List,Denver,80219,106,4,8,225.14
Store Mailing List,Aurora,80010,105,4,7,223.45
Store Mailing List,Wheat Ridge,80033,107,1,2,31.81
Store Mailing List,Denver,80207,101,1,6,171.04
Store Mailing List,Aurora,80012,105,2,4,173.16
Store Mailing List,Aurora,80014,105,1,7,187.93
Store Mailing List,Aurora,80013,105,1,8,79.63
Store Mailing List,Littleton,80127,101,1,8,35.64
Store Mailing List,Englewood,80113,101,1,6,233.85
Store Mailing List,Denver,80219,106,1,2,278.06
Store Mailing List,Centennial,80016,102,1,4,77.76
Store Mailing List,Aurora,80017,105,1,2,246.79
Store Mailing List,Westminster,80031,103,1,7,220.83
Store Mailing List,Aurora,80011,104,1,2,56.3
Store Mailing List,Aurora,80013,100,1,3,189.74
Store Mailing List,Aurora,80015,104,1,4,236.01
Store Mailing List,Arvada,80002,103,1,2,166.92
Store Mailing List,Aurora,80011,105,1,3,45.9
Store Mailing List,Denver,80230,100,1,6,168.09
Store Mailing List,Northglenn,80260,109,4,4,244.16
Store Mailing List,Denver,80231,105,1,1,243.37
Store Mailing List,Lakewood,80235,101,3,1,278.26
Store Mailing List,Aurora,80012,100,3,2,168.42
Store Mailing List,Aurora,80017,104,1,1,67.45
Store Mailing List,Englewood,80112,104,2,6,88.13
Store Mailing List,Lakewood,80226,106,1,7,50.97
Store Mailing List,Centennial,80121,104,1,4,60.5
Store Mailing List,Denver,80223,106,1,5,16.25
Store Mailing List,Denver,80222,100,1,2,205.42
Store Mailing List,Denver,80247,100,1,5,9.86
Store Mailing List,Denver,80230,105,1,3,211.06
Store Mailing List,Aurora,80017,105,3,3,236.32
Store Mailing List,Westminster,80020,109,1,2,46.65
Store Mailing List,Denver,80204,101,1,5,125.01
Store Mailing List,Denver,80234,107,1,5,139.68
Store Mailing List,Denver,80220,101,1,3,45.54
Store Mailing List,Englewood,80113,101,1,4,142.01
Store Mailing List,Northglenn,80234,103,1,4,41.49
Store Mailing List,Denver,80236,101,1,2,139.91
Store Mailing List,Broomfield,80020,109,1,8,161.58
Store Mailing List,Broomfield,80021,103,2,5,264.42
Store Mailing List,Arvada,80004,108,2,2,232.04
Store Mailing List,Denver,80229,107,3,7,220.63
Store Mailing List,Arvada,80003,103,2,5,121.23
Store Mailing List,Littleton,80120,106,2,3,92.4
Store Mailing List,Denver,80220,100,2,8,188.53
Store Mailing List,Arvada,80004,103,2,6,173.36
Store Mailing List,Broomfield,80020,109,1,6,237.01
Store Mailing List,Aurora,80012,105,2,8,261.61
Store Mailing List,Aurora,80013,105,3,4,239.67
Store Mailing List,Denver,80222,100,1,8,210.79
Store Mailing List,Denver,80236,101,1,4,172.71
Store Mailing List,Denver,80236,101,1,1,65.79
Store Mailing List,Thornton,80241,103,1,4,160.51
Store Mailing List,Denver,80230,100,1,6,89.63
Store Mailing List,Aurora,80013,102,1,4,94.9
Store Mailing List,Arvada,80005,103,1,5,127.26
Store Mailing List,Aurora,80013,104,1,6,43.7
Store Mailing List,Lakewood,80214,100,1,3,239.87
Store Mailing List,Denver,80224,100,1,1,106.7
Store Mailing List,Westminster,80020,109,1,6,22.52
Store Mailing List,Denver,80238,107,1,6,245.99
Store Mailing List,Denver,80210,100,2,2,85.99
Store Mailing List,Arvada,80004,108,1,2,77.27
Store Mailing List,Broomfield,80020,109,1,8,217
Store Mailing List,Centennial,80015,104,1,2,247.78
Store Mailing List,Denver,80222,100,1,2,168.72
Store Mailing List,Arvada,80003,108,1,7,78.91
Store Mailing List,Arvada,80004,108,1,2,137.54
Store Mailing List,Arvada,80005,108,1,5,205.17
Store Mailing List,Aurora,80016,102,1,6,57.91
Store Mailing List,Aurora,80012,104,1,6,183.73
Store Mailing List,Denver,80207,107,1,1,155.82
Store Mailing List,Wheat Ridge,80033,107,1,5,244.66
Store Mailing List,Lakewood,80214,106,1,4,118.16
Store Mailing List,Englewood,80110,106,1,6,118.07
Store Mailing List,Aurora,80011,105,1,2,175.66
Store Mailing List,Arvada,80004,109,1,7,86.13
Store Mailing List,Lakewood,80227,101,2,8,231.27
Store Mailing List,Aurora,80013,104,4,8,206.94
Store Mailing List,Denver,80212,109,2,8,163.57
Store Mailing List,Arvada,80003,103,1,4,144.84
Store Mailing List,Denver,80209,100,1,6,91.87
Store Mailing List,Arvada,80004,107,1,4,36.74
Store Mailing List,Denver,80219,108,1,1,239.06
Store Mailing List,Denver,80211,107,1,8,215.5
Store Mailing List,Northglenn,80234,103,1,7,169.45
Store Mailing List,Aurora,80011,105,1,8,229.1
Store Mailing List,Lakewood,80214,107,1,4,196
Store Mailing List,Denver,80247,105,1,4,248.98
Store Mailing List,Denver,80211,106,1,5,150.26
Store Mailing List,Denver,80235,101,3,8,207.02
Store Mailing List,Denver,80202,105,1,8,30.76
Store Mailing List,Centennial,80015,104,1,1,185.45
Store Mailing List,Westminster,80031,109,1,5,162.82
Store Mailing List,Aurora,80014,105,1,8,206.88
Store Mailing List,Denver,80204,108,1,8,236.8
Store Mailing List,Aurora,80014,104,1,6,213.12
Store Mailing List,Broomfield,80021,108,1,1,82.3
Store Mailing List,Denver,80235,101,1,5,106.96
Store Mailing List,Denver,80226,101,1,8,155.65
Store Mailing List,Lakewood,80214,107,1,2,102.55
Store Mailing List,Thornton,80602,103,3,2,206.91
Store Mailing List,Aurora,80013,105,1,6,71.86
Store Mailing List,Arvada,80004,108,1,8,120.98
Store Mailing List,Aurora,80010,105,1,4,8.92
Store Mailing List,Denver,80238,101,1,4,233.97
Store Mailing List,Denver,80219,101,1,3,69.34
Store Mailing List,Denver,80205,107,1,7,266.3
Store Mailing List,Denver,80247,100,1,2,117.39
Store Mailing List,Lakewood,80228,101,1,3,22.03
Store Mailing List,Denver,80212,107,1,4,274.23
Store Mailing List,Denver,80202,106,2,6,188.73
Store Mailing List,Lakewood,80226,106,2,5,155.01
Store Mailing List,Broomfield,80021,109,1,5,181.21
Store Mailing List,Westminster,80030,107,1,7,249.63
Store Mailing List,Arvada,80007,108,1,2,129.46
Store Mailing List,Aurora,80017,105,2,3,154.98
Store Mailing List,Littleton,80128,106,1,4,23.44
Store Mailing List,Arvada,80002,108,1,7,111.36
Store Mailing List,Denver,80224,100,1,5,66.88
Store Mailing List,Wheat Ridge,80033,106,2,4,157.2
Store Mailing List,Parker,80138,102,4,4,217.92
Store Mailing List,Denver,80204,108,1,2,255.81
Store Mailing List,Westminster,80031,107,3,3,223.22
Store Mailing List,Wheat Ridge,80033,107,1,5,132.46
Store Mailing List,Aurora,80014,105,3,2,267.8
Store Mailing List,Denver,80203,100,1,4,58.69
Store Mailing List,Arvada,80005,103,1,3,88.76
Store Mailing List,Lakewood,80228,106,1,3,157.03
Store Mailing List,Denver,80236,101,1,1,8.5
Store Mailing List,Arvada,80007,108,1,3,21.94
Store Mailing List,Broomfield,80021,103,4,3,254.02
Store Mailing List,Denver,80231,100,2,4,106.06
Store Mailing List,Denver,80247,100,4,7,248.69
Store Mailing List,Aurora,80017,105,1,1,245.34
Store Mailing List,Highlands Ranch,80130,100,1,1,110.06
Store Mailing List,Arvada,80002,109,1,1,204.58
Store Mailing List,Arvada,80003,108,1,6,226.65
Store Mailing List,Wheat Ridge,80033,108,1,4,68
Store Mailing List,Denver,80212,100,1,5,21.79
Store Mailing List,Denver,80209,105,1,6,189.82
Store Mailing List,Arvada,80003,103,1,7,241.17
Store Mailing List,Arvada,80004,106,1,3,141.04
Store Mailing List,Lakewood,80215,107,1,8,85.32
Store Mailing List,Westminster,80030,109,1,3,195.01
Store Mailing List,Denver,80236,101,2,6,203.47
Store Mailing List,Parker,80134,102,1,8,67.21
Store Mailing List,Wheat Ridge,80033,108,1,8,219.32
Store Mailing List,Arvada,80005,103,1,8,203.71
Store Mailing List,Aurora,80012,105,1,7,240.83
Store Mailing List,Littleton,80128,101,1,3,158.97
Store Mailing List,Parker,80138,102,2,5,212.93
Store Mailing List,Denver,80219,107,2,7,154.65
Store Mailing List,Aurora,80014,105,1,5,65.92
Store Mailing List,Denver,80222,105,1,3,144.65
Store Mailing List,Aurora,80014,104,1,3,234.31
Store Mailing List,Aurora,80012,100,1,8,239.82
Store Mailing List,Englewood,80110,107,1,2,122.42
Store Mailing List,Westminster,80031,107,1,2,199.02
Store Mailing List,Centennial,80112,101,1,3,186.42
Store Mailing List,Aurora,80012,105,1,4,138.49
Store Mailing List,Arvada,80004,108,1,6,189.34
Store Mailing List,Denver,80211,100,1,8,81.85
Store Mailing List,Broomfield,80020,108,2,2,138.65
Store Mailing List,Denver,80204,106,1,3,117.81
Store Mailing List,Aurora,80010,104,1,5,65.79
Store Mailing List,Lakewood,80227,101,1,5,21.05
Store Mailing List,Centennial,80111,101,1,6,173.35
Store Mailing List,Aurora,80014,105,1,2,118.3
Store Mailing List,Denver,80211,107,1,2,161.02
Store Mailing List,Denver,80209,105,4,8,254.92
Store Mailing List,Denver,80234,109,1,7,227.62
Store Mailing List,Broomfield,80021,103,1,8,84.94
Store Mailing List,Lakewood,80215,106,1,8,74.91
Store Mailing List,Denver,80210,100,1,4,185.43
Store Mailing List,Arvada,80004,108,1,7,38.25
Store Mailing List,Lakewood,80226,101,1,3,248.16
Store Mailing List,Aurora,80013,104,1,3,178.87
Store Mailing List,Denver,80219,101,1,4,230.15
Store Mailing List,Denver,80212,107,2,8,225.28
Store Mailing List,Edgewater,80214,107,1,7,115.72
Store Mailing List,Aurora,80011,105,1,2,220.61
Store Mailing List,Aurora,80014,104,1,2,200.51
Store Mailing List,Littleton,80128,106,1,1,93.83
Store Mailing List,Aurora,80013,104,1,5,205.66
Store Mailing List,Centennial,80015,104,1,6,6.95
Store Mailing List,Littleton,80123,101,2,2,221.34
Store Mailing List,Parker,80134,104,2,3,102.02
Store Mailing List,Aurora,80013,100,2,5,234.84
Store Mailing List,Arvada,80004,108,1,1,54.73
Store Mailing List,Denver,80231,104,1,5,112.99
Store Mailing List,Aurora,80012,105,1,1,72.69
Store Mailing List,Denver,80219,106,1,5,254.27
Store Mailing List,Centennial,80015,104,1,3,79.31
Store Mailing List,Aurora,80012,105,1,4,43.61
Store Mailing List,Aurora,80011,100,1,1,59.17
Store Mailing List,Arvada,80004,108,1,8,74
Store Mailing List,Littleton,80123,101,3,1,149.5
Store Mailing List,Denver,80220,104,3,4,208.23
Store Mailing List,Denver,80218,105,3,6,152.69
Store Mailing List,Arvada,80004,108,1,6,132.63
Store Mailing List,Lakewood,80228,106,1,1,66.01
Store Mailing List,Northglenn,80233,109,1,2,45.44
Store Mailing List,Denver,80219,106,1,1,127.68
Store Mailing List,Denver,80219,106,1,6,181.37
Store Mailing List,Northglenn,80233,109,3,2,196.58
Store Mailing List,Commerce City,80022,105,1,6,145.82
Store Mailing List,Lakewood,80232,106,1,8,241.94
Store Mailing List,Aurora,80013,105,2,7,135.99
Store Mailing List,Arvada,80005,107,1,5,201.85
Store Mailing List,Arvada,80002,108,2,5,165.04
Store Mailing List,Wheat Ridge,80212,100,4,3,243.87
Store Mailing List,Superior,80027,109,1,5,53.44
Store Mailing List,Aurora,80011,105,1,4,50.71
Store Mailing List,Thornton,80229,103,1,1,104.72
Store Mailing List,Aurora,80012,105,1,2,242.27
Store Mailing List,Superior,80027,108,3,4,180.15
Store Mailing List,Aurora,80014,105,1,1,172.54
Store Mailing List,Denver,80219,106,1,8,46.21
Store Mailing List,Lakewood,80215,106,1,6,153.49
Store Mailing List,Littleton,80127,101,1,2,65.82
Store Mailing List,Aurora,80015,104,1,3,99.89
Store Mailing List,Aurora,80011,105,1,6,212.6
Store Mailing List,Denver,80260,108,3,3,202.6
Store Mailing List,Denver,80206,107,1,7,203.91
Store Mailing List,Aurora,80015,104,1,5,63.58
Store Mailing List,Westminster,80031,107,1,1,100.54
Store Mailing List,Denver,80218,100,1,4,101.24
Store Mailing List,Centennial,80015,104,3,4,190.52
Store Mailing List,Denver,80219,106,1,7,140.5
Store Mailing List,Aurora,80012,105,1,7,145.32
Store Mailing List,Broomfield,80023,109,1,2,178.49
Store Mailing List,Denver,80236,101,1,2,240.77
Store Mailing List,Aurora,80017,104,2,7,189.92
Store Mailing List,Denver,80205,106,1,7,194.94
Store Mailing List,Littleton,80127,106,1,1,235.54
Store Mailing List,Aurora,80013,104,1,2,219.36
Store Mailing List,Arvada,80005,108,1,1,255.19
Store Mailing List,Denver,80205,107,1,7,206.9
Store Mailing List,Aurora,80016,105,1,5,273.22
Store Mailing List,Wheat Ridge,80033,107,1,5,124.45
Store Mailing List,Greenwood Village,80111,100,3,8,124.27
Store Mailing List,Littleton,80127,101,1,4,194.41
Store Mailing List,Wheat Ridge,80214,107,1,4,47.52
Store Mailing List,Denver,80246,100,1,8,205.14
Store Mailing List,Highlands Ranch,80130,104,1,6,155.22
Store Mailing List,Arvada,80007,107,1,1,252.8
Store Mailing List,Wheat Ridge,80033,107,1,2,217.62
Store Mailing List,Wheat Ridge,80033,106,1,8,259.56
Store Mailing List,Littleton,80126,101,1,1,217.8
Store Mailing List,Denver,80211,107,1,4,71.44
Store Mailing List,Aurora,80017,105,1,4,75.68
Store Mailing List,Broomfield,80021,103,1,4,229.79
Store Mailing List,Denver,80224,105,1,7,126.88
Store Mailing List,Denver,80219,101,3,4,223.56
Store Mailing List,Denver,80237,100,2,3,220.37
Store Mailing List,Denver,80219,106,3,2,171.61
Store Mailing List,Aurora,80011,100,1,5,145.46
Store Mailing List,Westminster,80030,108,1,4,136.62
Store Mailing List,Broomfield,80021,103,1,4,151.43
Store Mailing List,Denver,80222,101,3,3,191.59
Store Mailing List,Denver,80230,101,1,2,134.71
Store Mailing List,Littleton,80127,101,1,6,46.93
Store Mailing List,Arvada,80002,108,1,1,129.21
Store Mailing List,Aurora,80013,104,1,5,42.03
Store Mailing List,Arvada,80004,108,1,8,181.34
Store Mailing List,Denver,80219,106,1,2,112.05
Store Mailing List,Denver,80247,100,1,4,53.85
Store Mailing List,Denver,80222,100,1,3,88.96
Store Mailing List,Westminster,80030,108,1,3,51.17
Store Mailing List,Westminster,80031,109,1,7,96.29
Store Mailing List,Denver,80211,107,1,1,190.6
Store Mailing List,Broomfield,80020,109,2,7,275.43
Store Mailing List,Denver,80220,103,1,7,107.13
Store Mailing List,Aurora,80014,104,1,4,227.19
Store Mailing List,Denver,80247,107,3,6,193.31
Store Mailing List,Englewood,80111,104,2,6,260.01
Store Mailing List,Lakewood,80226,100,1,6,175.3
Store Mailing List,Arvada,80004,108,1,4,109.03
Store Mailing List,Aurora,80017,105,1,4,228.84
Store Mailing List,Arvada,80003,106,1,8,189.25
Store Mailing List,Broomfield,80021,109,1,2,117.11
Store Mailing List,Aurora,80013,104,1,8,88.32
Store Mailing List,Denver,80212,103,1,4,161.04
Store Mailing List,Denver,80247,100,1,1,43.94
Store Mailing List,Highlands Ranch,80126,101,1,3,104.15
Store Mailing List,Littleton,80123,101,1,4,148.64
Store Mailing List,Denver,80221,106,1,8,151.68
Store Mailing List,Arvada,80005,108,1,1,225.38
Store Mailing List,Westminster,80031,109,1,5,125.57
Store Mailing List,Arvada,80005,103,1,7,209.94
Store Mailing List,Denver,80249,105,1,5,234.52
Store Mailing List,Denver,80209,106,1,3,65.78
Store Mailing List,Aurora,80017,102,1,2,195.81
Store Mailing List,Aurora,80015,104,2,6,185.88
Store Mailing List,Aurora,80017,105,4,8,166.9
Store Mailing List,Denver,80219,106,1,5,35.89
Store Mailing List,Aurora,80014,105,3,8,199.33
Store Mailing List,Aurora,80014,105,4,3,226.36
Store Mailing List,Denver,80224,105,1,1,203.67
Store Mailing List,Denver,80231,100,2,4,199.59
Store Mailing List,Denver,80219,106,2,5,122.24
Store Mailing List,Lakewood,80227,101,1,7,268.97
Store Mailing List,Denver,80220,106,1,4,237.74
Store Mailing List,Arvada,80003,103,3,3,218.29
Store Mailing List,Denver,80229,109,1,6,173.18
Store Mailing List,Golden,80401,106,1,5,57.75
Store Mailing List,Westminster,80020,109,1,5,100.59
Store Mailing List,Denver,80220,100,1,1,172.36
Store Mailing List,Denver,80222,106,1,6,146.27
Store Mailing List,Aurora,80016,102,3,4,134.27
Store Mailing List,Littleton,80123,106,4,3,267.6
Store Mailing List,Littleton,80120,100,1,5,226.79
Store Mailing List,Denver,80204,108,1,4,10.22
Store Mailing List,Westminster,80031,108,1,4,265.87
Store Mailing List,Broomfield,80020,109,1,8,140.01
Store Mailing List,Aurora,80012,100,1,2,81.86
Store Mailing List,Denver,80237,104,1,2,170.77
Store Mailing List,Broomfield,80020,103,1,2,109.33
Store Mailing List,Broomfield,80023,109,1,3,90.39
Store Mailing List,Aurora,80015,104,2,6,112.67
Store Mailing List,Denver,80205,100,2,8,191.13
Store Mailing List,Boulder,80303,109,2,1,179.82
Store Mailing List,Denver,80218,101,1,6,247.72
Store Mailing List,Denver,80205,100,3,5,264.19
Store Mailing List,Parker,80134,102,1,3,71.31
Store Mailing List,Arvada,80003,103,3,1,183.41
Store Mailing List,Broomfield,80020,109,1,3,72.48
Store Mailing List,Lakewood,80232,108,1,3,145.53
Store Mailing List,Denver,80249,105,1,3,152.85
Store Mailing List,Denver,80221,106,1,1,58.31
Store Mailing List,Denver,80227,101,1,1,62.44
Store Mailing List,Denver,80237,105,1,7,201.12
Store Mailing List,Littleton,80127,101,1,6,255.14
Store Mailing List,Englewood,80113,100,1,8,42.41
Store Mailing List,Aurora,80013,104,1,5,250.2
Store Mailing List,Arvada,80004,108,1,8,248.37
Store Mailing List,Aurora,80013,104,1,5,5.32
Store Mailing List,Denver,80223,105,1,7,97.11
Store Mailing List,Arvada,80004,108,3,6,240.78
Store Mailing List,Arvada,80004,108,3,5,186.27
Store Mailing List,Aurora,80012,104,2,2,166.13
Store Mailing List,Denver,80219,101,2,7,245.5
Store Mailing List,Denver,80247,104,2,8,201.64
Store Mailing List,Greenwood Village,80111,100,3,3,267
Store Mailing List,Denver,80210,100,1,6,140.04
Store Mailing List,Denver,80221,107,1,2,153.26
Store Mailing List,Wheat Ridge,80033,107,1,1,228.94
Store Mailing List,Arvada,80004,108,1,8,118.58
Store Mailing List,Denver,80236,101,1,6,178.35
Store Mailing List,Arvada,80004,108,1,8,30.39
Store Mailing List,Littleton,80123,101,1,5,124.18
Store Mailing List,Denver,80236,101,2,5,157.8
Store Mailing List,Aurora,80013,104,3,1,229.94
Store Mailing List,Denver,80210,108,2,6,231.22
Store Mailing List,Denver,80220,107,4,4,182.77
Store Mailing List,Aurora,80016,104,1,5,106.92
Store Mailing List,Aurora,80016,102,2,2,181.24
Store Mailing List,Denver,80224,106,2,7,142.04
Store Mailing List,Denver,80219,101,1,3,236.81
Store Mailing List,Denver,80246,100,2,8,166.41
Store Mailing List,Golden,80401,106,1,8,83.06
Store Mailing List,Denver,80211,107,1,5,212.18
Store Mailing List,Denver,80206,100,1,7,153.9
Store Mailing List,Denver,80234,108,1,6,239.6
Store Mailing List,Arvada,80005,103,2,5,233.16
Store Mailing List,Aurora,80014,104,2,1,211.1
Store Mailing List,Denver,80219,101,2,1,231.88
Store Mailing List,Arvada,80004,108,2,1,109.98
Store Mailing List,Highlands Ranch,80126,101,1,4,193.81
Store Mailing List,Arvada,80003,103,1,7,218.73
Store Mailing List,Aurora,80011,105,1,2,198.77
Store Mailing List,Denver,80219,101,1,6,166.53
Store Mailing List,Arvada,80004,108,1,7,166.91
Store Mailing List,Thornton,80260,109,1,5,48.62
Store Mailing List,Denver,80231,105,1,1,114.51
Store Mailing List,Denver,80231,106,2,4,75.14
Store Mailing List,Denver,80247,100,2,1,241.1
Store Mailing List,Lakewood,80215,108,3,2,216.49
Store Mailing List,Denver,80211,109,1,2,146.63
Store Mailing List,Denver,80231,100,1,6,137.01
Store Mailing List,Lakewood,80214,106,1,1,27.51
Store Mailing List,Denver,80231,100,1,8,174.46
Store Mailing List,Littleton,80128,101,1,6,91.26
Store Mailing List,Lakewood,80215,103,4,2,191.4
Store Mailing List,Aurora,80010,100,3,8,248.11
Store Mailing List,Denver,80222,107,3,3,274.3
Store Mailing List,Denver,80203,107,1,1,143.32
Store Mailing List,Arvada,80002,103,2,7,171.92
Store Mailing List,Golden,80401,107,4,3,210.92
Store Mailing List,Greenwood Village,80121,104,4,4,229.56
Store Mailing List,Lakewood,80226,103,1,7,45.44
Store Mailing List,Lakewood,80226,106,2,3,182.26
Store Mailing List,Aurora,80010,105,3,7,258.54
Store Mailing List,Centennial,80015,104,3,4,191.19
Store Mailing List,Commerce City,80022,105,1,3,123.12
Store Mailing List,Aurora,80012,105,3,1,238.1
Store Mailing List,Aurora,80012,105,2,5,83.77
Store Mailing List,Denver,80212,107,2,8,88.07
Store Mailing List,Englewood,80113,104,1,5,224.8
Store Mailing List,Denver,80212,107,3,4,272.48
Store Mailing List,Arvada,80007,108,4,7,278.21
Store Mailing List,Arvada,80005,109,1,3,85.86
Store Mailing List,Denver,80224,105,2,4,138.3
Store Mailing List,Denver,80219,101,2,3,261.07
Store Mailing List,Denver,80230,100,1,4,169.51
Store Mailing List,Aurora,80017,100,3,6,184.2
Store Mailing List,Aurora,80013,104,3,6,275.07
Store Mailing List,Westminster,80020,109,1,6,152.53
Store Mailing List,Arvada,80004,107,1,5,243.5
Store Mailing List,Aurora,80010,100,1,8,191.97
Store Mailing List,Denver,80247,100,1,4,29.05
Store Mailing List,Aurora,80013,104,1,5,181.24
Store Mailing List,Lakewood,80232,108,1,5,13.94
Store Mailing List,Lakewood,80214,100,3,6,273.3
Store Mailing List,Aurora,80010,104,3,8,185.44
Store Mailing List,Denver,80247,100,1,4,164.21
Store Mailing List,Aurora,80013,105,1,6,161.85
Store Mailing List,Aurora,80013,104,4,1,261.84
Store Mailing List,Aurora,80014,100,3,4,269.1
Store Mailing List,Centennial,80015,104,1,6,34.72
Store Mailing List,Denver,80219,106,2,6,203.79
Store Mailing List,Aurora,80012,100,3,8,268.12
Store Mailing List,Aurora,80014,104,1,2,197.59
Store Mailing List,Edgewater,80214,107,1,7,89.3
Store Mailing List,Broomfield,80020,103,1,3,44.09
Store Mailing List,Denver,80205,103,2,5,175.19
Store Mailing List,Denver,80219,106,2,5,199.32
Store Mailing List,Arvada,80005,108,3,8,263.4
Store Mailing List,Arvada,80005,103,4,2,221.66
Store Mailing List,Denver,80207,100,3,7,131.74
Store Mailing List,Denver,80218,106,2,7,169.85
Store Mailing List,Denver,80231,105,1,6,182.97
Store Mailing List,Broomfield,80023,109,1,5,198.47
Store Mailing List,Aurora,80013,104,1,5,89.24
Store Mailing List,Denver,80229,109,1,1,231.07
Store Mailing List,Denver,80246,106,1,3,164.5
Store Mailing List,Arvada,80004,106,1,5,152.93
Store Mailing List,Arvada,80003,107,1,5,203.91
Store Mailing List,Greenwood Village,80121,105,2,6,124.07
Store Mailing List,Denver,80231,100,1,5,211.63
Store Mailing List,Denver,80227,101,1,7,165.21
Store Mailing List,Aurora,80014,105,1,1,270.12
Store Mailing List,Arvada,80003,107,1,1,35.25
Store Mailing List,Highlands Ranch,80129,101,1,1,21.51
Store Mailing List,Denver,80210,104,1,5,117.62
Store Mailing List,Aurora,80012,100,1,8,226.34
Store Mailing List,Centennial,80015,104,1,2,15.17
Store Mailing List,Lakewood,80227,100,1,2,105.37
Store Mailing List,Englewood,80110,101,1,2,121.03
Store Mailing List,Arvada,80004,108,3,1,199.5
Store Mailing List,Aurora,80010,105,1,4,120.79
Store Mailing List,Centennial,80122,100,1,1,128.28
Store Mailing List,Centennial,80112,105,1,7,74.95
Store Mailing List,Denver,80220,101,1,7,232.92
Store Mailing List,Aurora,80012,105,1,7,167.11
Store Mailing List,Denver,80211,101,1,4,115.63
Store Mailing List,Denver,80203,107,1,8,148.46
Store Mailing List,Denver,80211,107,2,2,262
Store Mailing List,Denver,80203,100,2,7,109.84
Store Mailing List,Arvada,80005,103,1,4,211.86
Store Mailing List,Denver,80230,100,1,4,53.53
Store Mailing List,Denver,80246,105,1,1,16.96
Store Mailing List,Aurora,80011,105,1,2,70.19
Store Mailing List,Arvada,80003,107,3,3,251.09
Store Mailing List,Denver,80219,101,3,2,216.46
Store Mailing List,Littleton,80123,101,1,6,81.73
Store Mailing List,Thornton,80229,109,1,1,168.17
Store Mailing List,Aurora,80013,105,2,4,129.66
Store Mailing List,Aurora,80016,102,1,8,47.04
Store Mailing List,Denver,80224,100,1,1,100.71
Store Mailing List,Denver,80235,106,1,5,124.65
Store Mailing List,Denver,80204,107,1,1,88.34
Store Mailing List,Thornton,80229,109,2,6,234.92
Store Mailing List,Denver,80219,106,1,1,205.11
Store Mailing List,Arvada,80004,108,2,5,264.89
Store Mailing List,Denver,80224,104,2,3,238.4
Store Mailing List,Broomfield,80021,103,3,7,136.13
Store Mailing List,Littleton,80120,106,1,5,105.41
Store Mailing List,Lakewood,80227,106,3,1,186.06
Store Mailing List,Denver,80237,104,2,5,185.4
Store Mailing List,Aurora,80013,104,3,6,145.92
Store Mailing List,Superior,80027,109,2,2,172.27
Store Mailing List,Denver,80219,101,4,8,267.43
Store Mailing List,Morrison,80465,101,1,7,126.46
Store Mailing List,Denver,80234,109,1,8,197.33
Store Mailing List,Lakewood,80227,101,1,7,222.73
Store Mailing List,Denver,80235,101,2,1,191.28
Store Mailing List,Lakewood,80214,108,1,5,123.05
Store Mailing List,Arvada,80003,103,2,2,227.34
Store Mailing List,Aurora,80010,100,1,8,17.03
Store Mailing List,Broomfield,80020,108,4,4,241.14
Store Mailing List,Lafayette,80026,103,2,1,124.05
Store Mailing List,Denver,80246,106,1,6,163.44
Store Mailing List,Westminster,80031,103,1,7,189.06
Store Mailing List,Broomfield,80021,103,1,5,62.74
Store Mailing List,Arvada,80002,106,3,2,264.33
Store Mailing List,Wheat Ridge,80033,107,2,5,228.32
Store Mailing List,Denver,80247,101,2,2,238.65
Store Mailing List,Denver,80246,100,1,7,164.44
Store Mailing List,Aurora,80014,100,2,2,149.07
Store Mailing List,Westminster,80031,108,2,8,111.11
Store Mailing List,Aurora,80017,104,1,8,17.54
Store Mailing List,Englewood,80112,100,2,7,123.95
Store Mailing List,Aurora,80013,105,1,3,71.48
Store Mailing List,Aurora,80017,105,1,5,121.02
Store Mailing List,Denver,80221,103,1,7,37.88
Store Mailing List,Denver,80224,100,1,5,89.53
Store Mailing List,Broomfield,80021,103,1,8,153.83
Store Mailing List,Denver,80220,105,1,2,252.84
Store Mailing List,Denver,80220,104,1,1,66.87
Store Mailing List,Westminster,80031,109,2,4,165.27
Store Mailing List,Aurora,80017,105,2,6,192.04
Store Mailing List,Englewood,80113,101,1,3,125.12
Store Mailing List,Aurora,80014,105,2,1,213.16
Store Mailing List,Westminster,80031,107,1,5,176.09
Store Mailing List,Aurora,80012,105,3,3,190.22
Store Mailing List,Arvada,80003,106,3,4,258.28
Store Mailing List,Denver,80247,104,2,1,230.65
Store Mailing List,Aurora,80011,105,1,2,143.4
Store Mailing List,Denver,80211,106,3,8,231.99
Store Mailing List,Aurora,80013,105,1,1,220.64
Store Mailing List,Denver,80202,106,1,2,192.63
Store Mailing List,Greenwood Village,80111,106,1,7,122.01
Store Mailing List,Arvada,80003,108,1,4,29.89
Store Mailing List,Denver,80231,100,3,2,236.28
Store Mailing List,Arvada,80003,108,1,1,235.36
Store Mailing List,Broomfield,80020,103,2,3,119.12
Store Mailing List,Denver,80234,103,3,7,223.34
Store Mailing List,Denver,80231,100,1,2,234.8
Store Mailing List,Denver,80222,100,1,8,215.85
Store Mailing List,Aurora,80013,104,1,7,12.26
Store Mailing List,Littleton,80123,101,1,3,80.25
Store Mailing List,Aurora,80014,105,1,6,140.43
Store Mailing List,Aurora,80013,104,1,7,181.92
Store Mailing List,Thornton,80241,109,1,3,101.66
Store Mailing List,Lakewood,80226,106,2,6,74.11
Store Mailing List,Broomfield,80020,109,1,7,212.04
Store Mailing List,Denver,80221,107,1,6,200.75
Store Mailing List,Broomfield,80020,109,1,6,42.9
Store Mailing List,Aurora,80013,102,1,1,85.27
Store Mailing List,Denver,80221,109,1,7,182.37
Store Mailing List,Lakewood,80228,106,1,5,98.67
Store Mailing List,Aurora,80015,102,1,7,25.91
Store Mailing List,Aurora,80011,105,1,1,219.53
Store Mailing List,Arvada,80004,108,2,1,83.65
Store Mailing List,Denver,80247,105,3,2,152.63
Store Mailing List,Arvada,80005,103,1,5,36.9
Store Mailing List,Lakewood,80226,106,1,1,95.93
Store Mailing List,Northglenn,80233,109,3,8,130.67
Store Mailing List,Wheat Ridge,80033,103,2,1,156.25
Store Mailing List,Denver,80210,100,1,4,43.09
Store Mailing List,Lakewood,80228,106,1,1,77.26
Store Mailing List,Denver,80219,101,1,2,210.45
Store Mailing List,Broomfield,80020,109,1,6,217.45
Store Mailing List,Denver,80219,107,1,5,123.4
Store Mailing List,Denver,80247,101,2,1,203.05
Store Mailing List,Aurora,80017,105,2,8,170.22
Store Mailing List,Greenwood Village,80111,104,3,7,243.95
Store Mailing List,Aurora,80012,105,3,4,198.33
Store Mailing List,Northglenn,80234,103,1,7,218.19
Store Mailing List,Aurora,80012,105,4,5,276.06
Store Mailing List,Northglenn,80234,108,1,4,235.44
Store Mailing List,Parker,80134,102,1,2,14.86
Store Mailing List,Denver,80236,106,1,7,246.55
Store Mailing List,Lakewood,80226,101,3,7,201.63
Store Mailing List,Littleton,80123,101,1,2,161.79
Store Mailing List,Denver,80246,100,1,1,132.99
Store Mailing List,Aurora,80016,102,3,6,202.6
Store Mailing List,Englewood,80113,100,1,6,179.79
Store Mailing List,Denver,80231,101,1,7,139.8
Store Mailing List,Denver,80222,101,1,6,36.26
Store Mailing List,Arvada,80004,108,1,5,106.91
Store Mailing List,Denver,80234,103,1,8,159.92
Store Mailing List,Denver,80236,101,1,6,232.76
Store Mailing List,Denver,80218,107,1,3,192.43
Store Mailing List,Denver,80207,105,2,7,192.65
Store Mailing List,Denver,80231,101,1,6,215.87
Store Mailing List,Denver,80237,100,1,5,189.18
Store Mailing List,Westminster,80031,103,1,2,46.1
Store Mailing List,Denver,80237,100,1,5,243.64
Store Mailing List,Thornton,80233,109,1,3,238.19
Store Mailing List,Aurora,80016,104,1,1,218.93
Store Mailing List,Aurora,80012,105,1,2,105.17
Store Mailing List,Denver,80247,102,1,4,13.83
Store Mailing List,Englewood,80113,100,1,7,160.84
Store Mailing List,Englewood,80113,100,1,7,143.6
Store Mailing List,Aurora,80011,105,1,8,107.23
Store Mailing List,Aurora,80015,104,1,5,270.72
Store Mailing List,Aurora,80017,105,1,2,139.15
Store Mailing List,Aurora,80015,104,1,6,81.02
Store Mailing List,Denver,80212,107,1,7,158.08
Store Mailing List,Aurora,80012,105,1,5,176.82
Store Mailing List,Louisville,80027,109,2,6,128.31
Store Mailing List,Littleton,80120,106,1,3,78.85
Store Mailing List,Aurora,80013,104,1,8,18.19
Store Mailing List,Denver,80219,101,4,5,244.76
Store Mailing List,Aurora,80014,105,2,7,255.76
Store Mailing List,Aurora,80013,104,2,3,127.37
Store Mailing List,Golden,80403,103,3,4,201.94
Store Mailing List,Denver,80205,103,2,7,249.37
Store Mailing List,Aurora,80012,105,2,5,270.34
Store Mailing List,Centennial,80015,102,1,2,182.29
Store Mailing List,Highlands Ranch,80126,104,1,1,75.08
Store Mailing List,Westminster,80031,103,2,2,105.6
Store Mailing List,Aurora,80012,105,1,8,124.77
Store Mailing List,Centennial,80015,104,1,7,117.75
Store Mailing List,Parker,80134,102,1,3,158.46
Store Mailing List,Arvada,80004,108,1,6,1.22
Store Mailing List,Wheat Ridge,80033,107,1,1,65.93
Store Mailing List,Denver,80206,100,1,6,209.92
Store Mailing List,Arvada,80003,103,1,8,224.37
Store Mailing List,Highlands Ranch,80129,101,1,3,157.1
Store Mailing List,Golden,80401,108,1,5,25.69
Store Mailing List,Denver,80237,100,1,1,65.07
Store Mailing List,Aurora,80013,105,3,7,213.88
Store Mailing List,Broomfield,80021,103,1,6,244.74
Store Mailing List,Parker,80138,102,1,2,138.7
Store Mailing List,Golden,80401,106,4,2,198
Store Mailing List,Aurora,80013,104,2,2,137.25
Store Mailing List,Greenwood Village,80111,104,1,6,50.21
Store Mailing List,Littleton,80128,101,1,8,142.94
Store Mailing List,Arvada,80002,108,1,5,89.98
Store Mailing List,Aurora,80016,105,1,2,117.77
Store Mailing List,Thornton,80241,109,2,2,269.73
Store Mailing List,Denver,80222,100,2,1,108.52
Store Mailing List,Aurora,80013,100,3,3,165.27
Store Mailing List,Littleton,80128,101,1,1,74.97
Store Mailing List,Centennial,80015,105,1,6,75.88
Store Mailing List,Westminster,80031,103,2,8,217.75
Store Mailing List,Broomfield,80021,108,1,1,55.08
Store Mailing List,Aurora,80011,105,3,5,169.19
Store Mailing List,Aurora,80013,102,2,7,227.25
Store Mailing List,Denver,80231,100,2,7,213.86
Store Mailing List,Centennial,80122,106,1,3,13.66
Store Mailing List,Lakewood,80228,107,1,6,164.78
Store Mailing List,Arvada,80005,108,1,7,16.21
Store Mailing List,Denver,80222,101,2,1,187.65
Store Mailing List,Broomfield,80020,109,3,1,216.08
Store Mailing List,Denver,80202,106,3,7,268.85
Store Mailing List,Denver,80236,101,1,2,58.99
Store Mailing List,Lakewood,80226,106,1,7,45.97
Store Mailing List,Lakewood,80214,107,1,2,140.88
Store Mailing List,Aurora,80017,105,1,4,57.19
Store Mailing List,Denver,80209,101,1,7,117.64
Store Mailing List,Englewood,80110,101,1,1,28.77
Store Mailing List,Denver,80227,106,1,5,146.43
Store Mailing List,Arvada,80005,108,1,6,155.2
Store Mailing List,Denver,80219,101,1,5,227.39
Store Mailing List,Broomfield,80021,103,1,5,116.01
Store Mailing List,Golden,80403,108,1,1,87.57
Store Mailing List,Arvada,80004,107,1,3,67.56
Store Mailing List,Broomfield,80020,109,1,4,268.43
Store Mailing List,Aurora,80016,104,2,6,266.55
Store Mailing List,Denver,80206,105,1,6,231.82
Store Mailing List,Denver,80220,105,4,8,276.53
Store Mailing List,Thornton,80241,103,1,5,220.12
Store Mailing List,Aurora,80013,100,1,2,34.26
Store Mailing List,Denver,80219,101,1,4,56.15
Store Mailing List,Aurora,80017,100,2,4,162.96
Store Mailing List,Aurora,80011,105,1,2,226.31
Store Mailing List,Aurora,80017,104,1,4,261.5
Store Mailing List,Denver,80207,106,1,8,107.19
Store Mailing List,Lakewood,80215,106,2,6,201.4
Store Mailing List,Aurora,80015,104,2,2,155.09
Store Mailing List,Denver,80247,105,1,5,125.74
Store Mailing List,Denver,80227,107,2,6,103.69
Store Mailing List,Lakewood,80227,106,2,4,269.67
Store Mailing List,Denver,80238,105,1,5,42.93
Store Mailing List,Superior,80027,103,1,7,20.68
Store Mailing List,Broomfield,80020,108,1,2,66.14
Store Mailing List,Denver,80227,101,3,6,213.98
Store Mailing List,Denver,80247,105,2,1,261.55
Store Mailing List,Lakewood,80226,106,1,2,33.48
Store Mailing List,Broomfield,80020,109,1,4,152.49
Store Mailing List,Aurora,80012,105,2,3,183.7
Store Mailing List,Arvada,80005,103,1,8,243.07
Store Mailing List,Parker,80134,102,1,5,63.2
Store Mailing List,Denver,80236,106,1,3,236.77
Store Mailing List,Englewood,80110,101,1,7,222.61
Store Mailing List,Wheat Ridge,80033,108,1,5,129.57
Store Mailing List,Lakewood,80235,107,1,5,119.96
Store Mailing List,Aurora,80014,105,1,2,265.83
Store Mailing List,Denver,80220,100,1,2,173.36
Store Mailing List,Lakewood,80232,106,1,3,69.98
Store Mailing List,Aurora,80011,100,1,6,44.65
Store Mailing List,Englewood,80113,101,1,6,137.63
Store Mailing List,Denver,80216,100,1,8,68.47
Store Mailing List,Denver,80206,100,1,7,37.85
Store Mailing List,Denver,80204,106,2,8,229.2
Store Mailing List,Centennial,80112,104,1,2,110.11
Store Mailing List,Aurora,80014,104,2,1,259.76
Store Mailing List,Arvada,80002,108,1,2,256.61
Store Mailing List,Denver,80211,106,1,2,94.12
Store Mailing List,Westminster,80031,109,3,1,139.15
Store Mailing List,Arvada,80003,103,3,2,212.78
Store Mailing List,Denver,80221,108,2,4,184.44
Store Mailing List,Denver,80227,101,2,2,166.04
Store Mailing List,Broomfield,80020,109,1,1,59.6
Store Mailing List,Englewood,80112,105,1,5,215.02
Store Mailing List,Broomfield,80021,103,1,4,7.7
Store Mailing List,Denver,80218,100,1,7,137.62
Store Mailing List,Denver,80220,100,1,1,32
Store Mailing List,Englewood,80111,100,1,6,51.88
Store Mailing List,Louisville,80027,109,1,4,153.96
Store Mailing List,Arvada,80005,103,3,8,210.44
Store Mailing List,Denver,80218,100,1,3,202.49
Store Mailing List,Denver,80234,109,1,3,144.11
Store Mailing List,Broomfield,80020,109,1,7,185.4
Store Mailing List,Denver,80206,101,1,3,250.31
Store Mailing List,Denver,80231,106,1,6,23.98
Store Mailing List,Arvada,80002,107,1,1,126.21
Store Mailing List,Denver,80207,107,1,5,209.08
Store Mailing List,Denver,80247,100,1,6,172.7
Store Mailing List,Aurora,80014,104,3,1,219.74
Store Mailing List,Denver,80210,104,1,4,195.61
Store Mailing List,Centennial,80015,104,1,7,186.42
Store Mailing List,Aurora,80017,102,3,3,276.63
Store Mailing List,Littleton,80123,106,1,7,33.24
Store Mailing List,Englewood,80113,100,1,7,125.43
Store Mailing List,Wheat Ridge,80033,101,1,1,249.44
Store Mailing List,Denver,80247,105,1,8,193.17
Store Mailing List,Aurora,80013,104,1,8,113.12
Store Mailing List,Arvada,80005,103,1,8,19.21
Store Mailing List,Thornton,80233,103,1,2,22.69
Store Mailing List,Edgewater,80214,103,2,5,185.99
Store Mailing List,Denver,80209,100,2,2,227.16
Store Mailing List,Lakewood,80228,106,2,5,145.15
Store Mailing List,Lafayette,80026,103,3,7,198.39
Store Mailing List,Denver,80204,106,1,1,89.18
Store Mailing List,Denver,80236,101,1,3,83.82
Store Mailing List,Aurora,80012,100,1,6,72.75
Store Mailing List,Highlands Ranch,80129,101,1,7,99.5
Store Mailing List,Lakewood,80215,108,1,4,234.18
Store Mailing List,Aurora,80013,105,1,8,192.19
Store Mailing List,Denver,80224,100,1,1,216.04
Store Mailing List,Aurora,80013,104,1,3,81.57
Store Mailing List,Edgewater,80214,107,1,4,195.57
Store Mailing List,Englewood,80111,101,1,8,254.76
Store Mailing List,Denver,80238,100,2,2,271.71
Store Mailing List,Lakewood,80232,108,4,2,272.26
Store Mailing List,Lakewood,80226,106,1,6,77.32
Store Mailing List,Aurora,80016,102,1,5,116.47
Store Mailing List,Arvada,80005,103,1,8,6.5
Store Mailing List,Englewood,80111,104,1,2,227.51
Store Mailing List,Aurora,80013,104,1,1,212.7
Store Mailing List,Littleton,80123,101,1,2,61.91
Store Mailing List,Denver,80212,106,1,4,91.44
Store Mailing List,Aurora,80010,100,2,3,233.02
Store Mailing List,Arvada,80005,103,3,5,256.69
Store Mailing List,Parker,80138,102,2,5,144.46
Store Mailing List,Westminster,80030,103,1,2,123.31
Store Mailing List,Aurora,80013,104,2,8,174.36
Store Mailing List,Broomfield,80021,103,1,2,182.75
Store Mailing List,Aurora,80015,105,2,2,180.42
Store Mailing List,Aurora,80012,100,3,2,204.94
Store Mailing List,Aurora,80013,105,1,2,59.4
Store Mailing List,Aurora,80017,102,3,5,191.12
Store Mailing List,Aurora,80013,104,2,4,191.14
Store Mailing List,Centennial,80121,106,1,7,96.75
Store Mailing List,Aurora,80011,105,2,1,277.13
Store Mailing List,Aurora,80015,104,2,5,88.43
Store Mailing List,Northglenn,80234,109,1,2,177.94
Store Mailing List,Lakewood,80227,101,1,3,224.16
Store Mailing List,Aurora,80013,102,1,8,204.11
Store Mailing List,Highlands Ranch,80129,101,1,2,110.7
Store Mailing List,Aurora,80014,104,4,1,247.07
Store Mailing List,Denver,80229,103,1,2,14.75
Store Mailing List,Aurora,80011,105,3,5,242.04
Store Mailing List,Aurora,80013,104,3,3,224.77
Store Mailing List,Arvada,80005,108,1,7,153.29
Store Mailing List,Westminster,80020,109,1,7,227.06
Store Mailing List,Aurora,80017,104,1,2,125.83
Store Mailing List,Aurora,80014,100,2,5,129.19
Store Mailing List,Aurora,80012,104,2,7,168.16
Store Mailing List,Denver,80212,107,2,1,233.91
Store Mailing List,Englewood,80110,101,1,6,232.17
Store Mailing List,Englewood,80113,101,2,5,152.29
Store Mailing List,Arvada,80005,103,3,8,275.69
Store Mailing List,Aurora,80013,104,1,1,18.54
Store Mailing List,Arvada,80002,108,1,8,237.87
Store Mailing List,Broomfield,80020,103,1,7,129.22
Store Mailing List,Denver,80237,104,1,4,114.31
Store Mailing List,Arvada,80002,103,1,4,102.92
Store Mailing List,Denver,80212,107,1,4,9.06
Store Mailing List,Denver,80216,103,1,8,4.91
Store Mailing List,Arvada,80004,108,1,7,86.94
Store Mailing List,Denver,80230,100,1,2,152.34
Store Mailing List,Arvada,80004,108,1,4,52.69
Store Mailing List,Littleton,80128,101,1,2,249.32
Store Mailing List,Arvada,80004,108,1,7,46.19
Store Mailing List,Centennial,80112,101,1,5,181.94
Store Mailing List,Superior,80027,109,4,6,213.27
Store Mailing List,Greenwood Village,80111,105,3,8,248.59
Store Mailing List,Broomfield,80020,109,3,4,222.61
Store Mailing List,Broomfield,80020,109,3,8,197.55
Store Mailing List,Denver,80235,107,2,8,254.52
Store Mailing List,Denver,80229,108,2,1,91.83
Store Mailing List,Aurora,80016,102,1,4,242.82
Store Mailing List,Westminster,80031,103,3,6,208.28
Store Mailing List,Broomfield,80020,109,1,3,238.77
Store Mailing List,Littleton,80123,101,1,5,268.4
Store Mailing List,Arvada,80003,100,1,2,260.31
Store Mailing List,Aurora,80013,102,2,5,252.69
Store Mailing List,Denver,80239,105,1,5,141.55
Store Mailing List,Parker,80134,102,3,2,180.49
Store Mailing List,Lakewood,80214,106,3,5,187.77
Store Mailing List,Denver,80219,101,2,4,233.39
Store Mailing List,Denver,80219,106,1,4,211.99
Store Mailing List,Denver,80247,100,1,6,75.24
Store Mailing List,Thornton,80260,108,1,5,65.68
Store Mailing List,Wheat Ridge,80033,108,1,8,90.8
Store Mailing List,Arvada,80005,108,2,6,155.73
Store Mailing List,Arvada,80005,108,1,4,193.14
Store Mailing List,Lakewood,80226,101,3,5,271.15
Store Mailing List,Denver,80221,107,2,3,272.86
Store Mailing List,Edgewater,80214,107,1,3,56.89
Store Mailing List,Denver,80204,105,1,4,99.34
Store Mailing List,Littleton,80127,106,1,2,227.96
Store Mailing List,Westminster,80031,108,1,3,12.6
Store Mailing List,Aurora,80010,100,1,3,152.9
Store Mailing List,Englewood,80110,106,1,6,169.51
Store Mailing List,Denver,80227,101,2,8,69.11
Store Mailing List,Westminster,80031,108,1,6,50.72
Store Mailing List,Aurora,80013,104,3,1,208.1
Store Mailing List,Arvada,80002,108,2,1,222.09
Store Mailing List,Arvada,80004,106,1,1,241.26
Store Mailing List,Aurora,80015,104,2,1,131.78
Store Mailing List,Aurora,80015,104,3,7,171.39
Store Mailing List,Lakewood,80232,107,1,6,177.24
Store Mailing List,Broomfield,80021,103,1,1,238.18
Store Mailing List,Broomfield,80020,108,3,2,231.98
Store Mailing List,Arvada,80005,103,3,1,195.61
Store Mailing List,Parker,80138,102,1,2,188.28
Store Mailing List,Littleton,80128,106,4,6,277.43
Store Mailing List,Morrison,80465,101,1,2,238.24
Store Mailing List,Denver,80235,101,4,3,257.66
Store Mailing List,Centennial,80112,100,4,7,261.34
Store Mailing List,Aurora,80011,105,2,4,193.41
Store Mailing List,Aurora,80013,104,2,1,215.41
Store Mailing List,Arvada,80005,107,1,6,123.54
Store Mailing List,Centennial,80122,101,1,7,12.83
Store Mailing List,Littleton,80120,101,2,6,79.86
Store Mailing List,Denver,80231,105,1,5,239.94
Store Mailing List,Arvada,80003,106,3,5,123.3
Store Mailing List,Lakewood,80228,101,2,4,173.72
Store Mailing List,Aurora,80015,104,1,1,75.46
Store Mailing List,Denver,80204,101,4,1,256.04
Store Mailing List,Westminster,80031,103,3,7,234.86
Store Mailing List,Denver,80224,100,1,7,96.31
Store Mailing List,Arvada,80003,103,1,7,211.28
Store Mailing List,Northglenn,80234,107,1,7,33.65
Store Mailing List,Wheat Ridge,80033,108,2,1,243.25
Store Mailing List,Denver,80211,106,3,5,131.2
Store Mailing List,Arvada,80004,108,2,4,236.84
Store Mailing List,Lakewood,80228,107,1,6,73.77
Store Mailing List,Arvada,80004,108,1,2,140.67
Store Mailing List,Lakewood,80228,106,1,8,180.62
Store Mailing List,Aurora,80015,102,3,3,165.99
Store Mailing List,Denver,80236,101,2,1,170.26
Store Mailing List,Broomfield,80020,109,1,3,248.77
Store Mailing List,Lakewood,80215,106,3,4,253.45
Store Mailing List,Lafayette,80026,103,3,1,143.48
Store Mailing List,Centennial,80015,104,2,3,177.44
Store Mailing List,Denver,80211,107,2,3,249.7
Store Mailing List,Westminster,80020,108,1,2,175.77
Store Mailing List,Denver,80235,106,1,1,106.13
Store Mailing List,Denver,80247,100,1,7,231.39
Store Mailing List,Denver,80238,107,1,6,40.78
Store Mailing List,Lakewood,80226,106,1,8,192.83
Store Mailing List,Lakewood,80226,106,3,4,226.99
Store Mailing List,Aurora,80012,105,2,7,157.91
Store Mailing List,Centennial,80015,104,1,8,168.74
Store Mailing List,Denver,80230,106,1,4,54
Store Mailing List,Aurora,80015,104,4,7,254.84
Store Mailing List,Denver,80230,100,1,6,60.92
Store Mailing List,Lakewood,80235,101,1,2,211.82
Store Mailing List,Lakewood,80232,108,1,6,149
Store Mailing List,Denver,80227,106,1,3,66.07
Store Mailing List,Centennial,80015,104,1,4,142.72
Store Mailing List,Denver,80219,100,2,3,166.66
Store Mailing List,Denver,80218,108,1,2,218.02
Store Mailing List,Lakewood,80232,106,1,2,93.81
Store Mailing List,Denver,80220,105,1,1,59.36
Store Mailing List,Denver,80211,101,1,7,203.38
Store Mailing List,Centennial,80015,104,1,8,257
Store Mailing List,Lakewood,80226,106,1,6,249.96
Store Mailing List,Broomfield,80020,103,1,4,111.24
Store Mailing List,Westminster,80031,103,1,1,195.07
Store Mailing List,Denver,80222,100,2,3,247.48
Store Mailing List,Aurora,80012,105,1,7,171.18
Store Mailing List,Lakewood,80226,106,1,1,145.49
Store Mailing List,Aurora,80012,105,1,8,211.37
Store Mailing List,Aurora,80013,104,1,6,107.29
Store Mailing List,Denver,80224,100,1,8,94.26
Store Mailing List,Denver,80212,107,1,3,74.43
Store Mailing List,Lakewood,80215,106,1,1,46.89
Store Mailing List,Aurora,80013,104,1,7,152.82
Store Mailing List,Aurora,80011,105,1,2,186.58
Store Mailing List,Denver,80204,100,1,5,169.72
Store Mailing List,Centennial,80112,105,3,1,202.77
Store Mailing List,Brighton,80602,109,2,6,173.19
Store Mailing List,Denver,80223,101,3,1,185.86
Store Mailing List,Broomfield,80021,108,2,4,172.31
Store Mailing List,Lakewood,80226,101,2,3,130.74
Store Mailing List,Denver,80222,100,1,8,274.3
Store Mailing List,Denver,80209,100,1,2,150.89
Loyalty Club and Credit Card,Denver,80222,100,12,4,1030.92
Loyalty Club and Credit Card,Aurora,80013,104,5,8,468.64
Loyalty Club and Credit Card,Centennial,80015,105,6,4,965.77
Loyalty Club and Credit Card,Arvada,80005,106,4,1,444.52
Loyalty Club and Credit Card,Centennial,80121,105,5,1,1006.69
Loyalty Club and Credit Card,Denver,80247,100,10,3,1763.13
Loyalty Club and Credit Card,Englewood,80113,105,7,1,934
Loyalty Club and Credit Card,Morrison,80465,106,4,3,337.05
Loyalty Club and Credit Card,Aurora,80010,100,5,5,1034.3
Loyalty Club and Credit Card,Arvada,80004,103,15,5,1359.61
Loyalty Club and Credit Card,Aurora,80012,105,2,7,146.48
Loyalty Club and Credit Card,Aurora,80012,105,6,5,969.13
Loyalty Club and Credit Card,Aurora,80013,105,6,6,618.84
Loyalty Club and Credit Card,Denver,80223,106,6,8,819.32
Loyalty Club and Credit Card,Aurora,80017,105,5,4,984.13
Loyalty Club and Credit Card,Lakewood,80227,106,19,6,1724.12
Loyalty Club and Credit Card,Aurora,80013,100,5,6,1067.47
Loyalty Club and Credit Card,Highlands Ranch,80129,101,6,4,914.28
Loyalty Club and Credit Card,Aurora,80011,105,7,8,938.21
Loyalty Club and Credit Card,Denver,80219,101,21,7,2963.49
Loyalty Club and Credit Card,Aurora,80015,104,5,6,1016.05
Loyalty Club and Credit Card,Broomfield,80021,108,7,6,1492.45
Loyalty Club and Credit Card,Denver,80231,104,8,5,1371.77
Loyalty Club and Credit Card,Aurora,80012,105,7,5,1124.95
Loyalty Club and Credit Card,Lakewood,80215,108,8,8,1316.3
Loyalty Club and Credit Card,Denver,80247,105,6,8,995.97
Loyalty Club and Credit Card,Lakewood,80214,106,5,6,993.53
Loyalty Club and Credit Card,Aurora,80013,105,5,3,793.43
Loyalty Club and Credit Card,Denver,80210,106,1,3,113.73
Loyalty Club and Credit Card,Aurora,80012,104,8,6,992.74
Loyalty Club and Credit Card,Aurora,80011,105,1,1,124.82
Loyalty Club and Credit Card,Aurora,80012,105,10,4,1439.46
Loyalty Club and Credit Card,Arvada,80005,103,11,1,2043.54
Loyalty Club and Credit Card,Broomfield,80021,109,6,7,958.75
Loyalty Club and Credit Card,Broomfield,80020,109,4,3,1036.65
Loyalty Club and Credit Card,Wheat Ridge,80212,101,6,1,1030.34
Loyalty Club and Credit Card,Lakewood,80214,107,16,2,2064.82
Loyalty Club and Credit Card,Northglenn,80233,109,8,8,985.71
Loyalty Club and Credit Card,Denver,80224,100,6,4,927.03
Loyalty Club and Credit Card,Wheat Ridge,80214,107,7,1,994.37
Loyalty Club and Credit Card,Westminster,80031,109,7,5,933
Loyalty Club and Credit Card,Denver,80224,105,12,4,1642.43
Loyalty Club and Credit Card,Lakewood,80232,101,6,6,1101.8
Loyalty Club and Credit Card,Denver,80219,108,16,8,2455.9
Loyalty Club and Credit Card,Denver,80219,106,7,7,1789.65
Loyalty Club and Credit Card,Thornton,80260,103,7,2,1185.48
Loyalty Club and Credit Card,Lakewood,80215,107,7,5,974.71
Loyalty Club and Credit Card,Commerce City,80022,109,11,5,1325.52
Loyalty Club and Credit Card,Denver,80236,101,26,8,2161.49
Loyalty Club and Credit Card,Denver,80204,106,1,7,222.65
Loyalty Club and Credit Card,Lakewood,80214,107,7,5,732.88
Loyalty Club and Credit Card,Aurora,80016,102,6,1,1137.97
Loyalty Club and Credit Card,Arvada,80003,107,1,5,244.17
Loyalty Club and Credit Card,Denver,80223,106,5,8,1162.16
Loyalty Club and Credit Card,Broomfield,80020,109,1,8,1020.39
Loyalty Club and Credit Card,Littleton,80120,101,1,8,236.82
Loyalty Club and Credit Card,Lakewood,80232,106,6,1,1085.12
Loyalty Club and Credit Card,Centennial,80112,104,5,7,1012.27
Loyalty Club and Credit Card,Lakewood,80226,108,1,3,72.31
Loyalty Club and Credit Card,Denver,80237,105,5,5,1163.56
Loyalty Club and Credit Card,Centennial,80122,104,6,7,1134.44
Loyalty Club and Credit Card,Arvada,80004,108,7,1,1534.39
Loyalty Club and Credit Card,Lakewood,80214,106,6,8,1392.46
Loyalty Club and Credit Card,Aurora,80018,105,11,2,1039.78
Loyalty Club and Credit Card,Denver,80247,100,4,2,368.52
Loyalty Club and Credit Card,Denver,80212,107,6,8,946.14
Loyalty Club and Credit Card,Aurora,80012,100,2,4,253.02
Loyalty Club and Credit Card,Lakewood,80232,106,11,6,1312.98
Loyalty Club and Credit Card,Broomfield,80021,103,17,4,1746.74
Loyalty Club and Credit Card,Aurora,80015,102,5,3,979.48
Loyalty Club and Credit Card,Lakewood,80214,106,7,4,1008.9
Loyalty Club and Credit Card,Aurora,80015,104,6,3,1084.11
Loyalty Club and Credit Card,Broomfield,80021,108,2,1,206.64
Loyalty Club and Credit Card,Lakewood,80226,100,5,8,1094.84
Loyalty Club and Credit Card,Broomfield,80021,109,6,1,1021.06
Loyalty Club and Credit Card,Lakewood,80228,101,10,1,1140.18
Loyalty Club and Credit Card,Aurora,80013,104,15,4,2152
Loyalty Club and Credit Card,Denver,80212,107,7,5,998.48
Loyalty Club and Credit Card,Littleton,80120,101,6,2,1112.56
Loyalty Club and Credit Card,Denver,80231,106,5,6,967.89
Loyalty Club and Credit Card,Westminster,80031,103,5,8,959.97
Loyalty Club and Credit Card,Aurora,80013,105,7,4,1100.84
Loyalty Club and Credit Card,Denver,80211,103,9,6,1546.27
Loyalty Club and Credit Card,Lakewood,80215,107,1,6,100.37
Loyalty Club and Credit Card,Aurora,80012,104,5,1,1002.31
Loyalty Club and Credit Card,Wheat Ridge,80214,107,1,8,198.67
Loyalty Club and Credit Card,Greenwood Village,80111,101,17,6,1462.32
Loyalty Club and Credit Card,Littleton,80123,101,16,8,1397.47
Loyalty Club and Credit Card,Littleton,80128,101,17,2,1367.48
Loyalty Club and Credit Card,Aurora,80014,105,2,7,264.66
Loyalty Club and Credit Card,Centennial,80015,104,6,2,1485.48
Loyalty Club and Credit Card,Denver,80260,109,8,4,985.91
Loyalty Club and Credit Card,Englewood,80111,105,5,2,1153.53
Loyalty Club and Credit Card,Broomfield,80021,109,7,7,999.74
Loyalty Club and Credit Card,Denver,80220,100,4,6,642.65
Loyalty Club and Credit Card,Westminster,80031,103,4,5,1015.26
Loyalty Club and Credit Card,Denver,80227,101,3,4,1202.39
Loyalty Club and Credit Card,Arvada,80005,108,5,6,698.06
Loyalty Club and Credit Card,Aurora,80016,105,6,7,1068.01
Loyalty Club and Credit Card,Arvada,80003,107,5,6,667.04
Loyalty Club and Credit Card,Englewood,80112,105,7,5,932.91
Loyalty Club and Credit Card,Denver,80209,108,8,5,985.51
Loyalty Club and Credit Card,Aurora,80015,104,10,7,1532.08
Loyalty Club and Credit Card,Highlands Ranch,80130,104,3,6,215.16
Loyalty Club and Credit Card,Broomfield,80020,109,8,7,523.92
Loyalty Club and Credit Card,Aurora,80015,105,5,6,959.41
Loyalty Club and Credit Card,Aurora,80013,104,18,6,1630.62
Loyalty Club and Credit Card,Arvada,80003,103,8,1,1406.65
Loyalty Club and Credit Card,Denver,80236,101,1,3,320.91
Loyalty Club and Credit Card,Arvada,80002,108,8,3,1766.63
Loyalty Club and Credit Card,Aurora,80013,105,4,5,383.6
Loyalty Club and Credit Card,Aurora,80010,105,16,8,1905.3
Loyalty Club and Credit Card,Edgewater,80214,106,11,4,932.92
Loyalty Club and Credit Card,Aurora,80010,105,5,7,1053.79
Loyalty Club and Credit Card,Aurora,80016,102,15,8,966.57
Loyalty Club and Credit Card,Aurora,80013,105,5,4,999.13
Loyalty Club and Credit Card,Arvada,80003,103,6,3,1089.25
Loyalty Club and Credit Card,Lakewood,80232,106,3,7,182.54
Loyalty Club and Credit Card,Lakewood,80226,106,7,6,1157.08
Loyalty Club and Credit Card,Aurora,80013,102,6,6,935.7
Loyalty Club and Credit Card,Denver,80212,106,8,2,1011.59
Loyalty Club and Credit Card,Denver,80212,107,3,6,304.81
Loyalty Club and Credit Card,Lakewood,80226,107,17,3,2005.4
Loyalty Club and Credit Card,Commerce City,80022,100,19,1,2580.53
Loyalty Club and Credit Card,Denver,80209,105,7,4,565.45
Loyalty Club and Credit Card,Denver,80224,105,7,5,1063.33
Loyalty Club and Credit Card,Westminster,80020,103,6,5,956.93
Loyalty Club and Credit Card,Denver,80220,100,8,3,1472.38
Loyalty Club and Credit Card,Aurora,80014,105,5,6,1058.91
Loyalty Club and Credit Card,Aurora,80014,105,22,2,2682.59
Loyalty Club and Credit Card,Denver,80211,106,7,6,939.63
Loyalty Club and Credit Card,Denver,80212,107,6,1,1042.85
Loyalty Club and Credit Card,Littleton,80124,102,4,8,862.89
Loyalty Club and Credit Card,Denver,80247,104,5,7,1429.07
Loyalty Club and Credit Card,Aurora,80013,104,11,8,1230.39
Loyalty Club and Credit Card,Denver,80222,100,7,4,1105.41
Loyalty Club and Credit Card,Arvada,80003,108,2,7,166.61
Loyalty Club and Credit Card,Denver,80260,103,6,1,950.35
Loyalty Club and Credit Card,Denver,80231,100,5,5,1375.45
Loyalty Club and Credit Card,Denver,80231,100,2,5,173.77
Loyalty Club and Credit Card,Aurora,80011,100,10,7,1264.94
Loyalty Club and Credit Card,Lakewood,80227,101,12,5,1898.56
Loyalty Club and Credit Card,Broomfield,80021,109,1,2,350.41
Loyalty Club and Credit Card,Denver,80237,105,6,6,967.07
Loyalty Club and Credit Card,Lakewood,80232,106,7,4,1055.11
Loyalty Club and Credit Card,Arvada,80005,103,4,7,427.53
Loyalty Club and Credit Card,Arvada,80004,107,5,6,1510.89
Loyalty Club and Credit Card,Denver,80211,107,6,8,942.95
Loyalty Club and Credit Card,Aurora,80013,104,5,2,939.14
Loyalty Club and Credit Card,Denver,80247,100,22,5,2762.08
Loyalty Club and Credit Card,Lakewood,80227,101,2,7,155.88
Loyalty Club and Credit Card,Aurora,80017,104,2,5,230.38
Loyalty Club and Credit Card,Denver,80219,101,5,7,765.32
Loyalty Club and Credit Card,Denver,80247,105,4,8,1004.8
Loyalty Club and Credit Card,Denver,80220,101,7,3,1511.07
Loyalty Club and Credit Card,Centennial,80121,100,5,6,953.16
Loyalty Club and Credit Card,Denver,80224,100,13,6,1827.04
Loyalty Club and Credit Card,Broomfield,80021,109,4,4,1025.9
Loyalty Club and Credit Card,Lakewood,80215,106,1,7,403.95
Loyalty Club and Credit Card,Aurora,80012,105,7,2,942.3
Loyalty Club and Credit Card,Denver,80221,103,10,8,2078.8
Loyalty Club and Credit Card,Aurora,80013,104,7,8,1005.54
Loyalty Club and Credit Card,Arvada,80002,107,6,8,994.68
Loyalty Club and Credit Card,Arvada,80003,103,9,6,1271.34
Loyalty Club and Credit Card,Denver,80210,106,6,4,952.66
Loyalty Club and Credit Card,Aurora,80011,105,9,3,1268.74
Loyalty Club and Credit Card,Denver,80247,101,6,3,1005.47
Loyalty Club and Credit Card,Littleton,80120,101,7,4,1049.69
Loyalty Club and Credit Card,Highlands Ranch,80126,101,3,3,1045.07
Loyalty Club and Credit Card,Wheat Ridge,80033,106,5,4,1073.63
Loyalty Club and Credit Card,Arvada,80003,100,7,1,993.55
Loyalty Club and Credit Card,Arvada,80003,109,8,5,1119.62
Loyalty Club and Credit Card,Denver,80218,100,10,6,1772.55
Loyalty Club and Credit Card,Denver,80221,107,21,8,1695.41
Loyalty Club and Credit Card,Aurora,80010,105,6,3,962.71
Loyalty Club and Credit Card,Denver,80220,100,7,4,1272.83
Loyalty Club and Credit Card,Commerce City,80022,107,1,1,137.08
Loyalty Club and Credit Card,Denver,80211,100,6,3,1424.41
Loyalty Club and Credit Card,Aurora,80015,104,3,8,296.13
Loyalty Club and Credit Card,Denver,80219,107,11,5,1217.33
Loyalty Club and Credit Card,Centennial,80015,104,6,8,586.77
Loyalty Club and Credit Card,Broomfield,80020,109,12,3,1816.89
Loyalty Club and Credit Card,Denver,80222,100,5,8,930.9
Loyalty Club and Credit Card,Aurora,80013,104,1,1,190.68
Loyalty Club and Credit Card,Thornton,80233,103,5,4,1674.86
Loyalty Club and Credit Card,Aurora,80012,105,16,2,2187.28
Loyalty Club and Credit Card,Denver,80219,100,20,6,2187.81
Loyalty Club and Credit Card,Arvada,80003,103,5,5,1089.16
Loyalty Club and Credit Card,Englewood,80113,100,6,8,927.82
Loyalty Club and Credit Card,Lakewood,80232,106,8,6,1088.92
Loyalty Club and Credit Card,Denver,80236,107,14,3,1490.54
Loyalty Club and Credit Card,Denver,80211,107,5,2,943.46
Loyalty Club and Credit Card,Denver,80227,101,8,6,984
Loyalty Club and Credit Card,Aurora,80016,104,12,7,1074.28
Loyalty Club Only,Denver,80221,100,2,8,375.06
Loyalty Club Only,Denver,80218,106,4,3,366.17
Loyalty Club Only,Aurora,80014,105,5,3,512.52
Loyalty Club Only,Aurora,80013,100,3,3,370.92
Loyalty Club Only,Aurora,80017,105,4,3,345.84
Loyalty Club Only,Aurora,80014,105,2,3,297.3
Loyalty Club Only,Broomfield,80020,109,5,7,519.53
Loyalty Club Only,Denver,80219,106,1,6,173.18
Loyalty Club Only,Lakewood,80214,106,3,5,365.18
Loyalty Club Only,Centennial,80015,104,3,8,391.7
Loyalty Club Only,Broomfield,80020,103,2,2,300.43
Loyalty Club Only,Denver,80224,101,2,7,304.25
Loyalty Club Only,Denver,80236,101,8,5,340.12
Loyalty Club Only,Wheat Ridge,80033,107,1,7,361.96
Loyalty Club Only,Arvada,80004,103,3,3,323.23
Loyalty Club Only,Denver,80222,100,3,3,501.52
Loyalty Club Only,Arvada,80003,108,4,7,289.99
Loyalty Club Only,Westminster,80031,109,2,7,326.12
Loyalty Club Only,Aurora,80015,104,1,1,334.5
Loyalty Club Only,Westminster,80030,106,4,7,482.01
Loyalty Club Only,Denver,80206,105,4,3,352.95
Loyalty Club Only,Denver,80247,100,2,6,359.63
Loyalty Club Only,Aurora,80017,100,1,1,300.61
Loyalty Club Only,Aurora,80016,102,3,4,339.41
Loyalty Club Only,Denver,80205,101,3,1,511.09
Loyalty Club Only,Arvada,80004,108,4,8,478.11
Loyalty Club Only,Denver,80231,100,1,6,322.38
Loyalty Club Only,Denver,80219,106,5,1,443.81
Loyalty Club Only,Aurora,80013,104,6,4,549.05
Loyalty Club Only,Aurora,80014,100,6,3,427.92
Loyalty Club Only,Centennial,80121,100,5,8,556.19
Loyalty Club Only,Aurora,80010,105,4,4,376.11
Loyalty Club Only,Lakewood,80226,106,5,6,453.29
Loyalty Club Only,Aurora,80014,105,4,3,512.47
Loyalty Club Only,Denver,80237,100,6,1,481.23
Loyalty Club Only,Aurora,80013,105,4,1,374.32
Loyalty Club Only,Lakewood,80232,108,3,2,344.82
Loyalty Club Only,Denver,80219,108,6,2,309.8
Loyalty Club Only,Arvada,80005,103,6,8,472.14
Loyalty Club Only,Littleton,80123,106,2,5,283.35
Loyalty Club Only,Lakewood,80215,106,4,7,297.42
Loyalty Club Only,Centennial,80122,104,6,2,450.46
Loyalty Club Only,Aurora,80013,100,5,1,539.61
Loyalty Club Only,Denver,80212,107,4,7,394.05
Loyalty Club Only,Denver,80216,107,4,6,350.22
Loyalty Club Only,Aurora,80014,104,4,8,450.05
Loyalty Club Only,Golden,80401,103,4,2,359.37
Loyalty Club Only,Westminster,80031,103,2,3,363.2
Loyalty Club Only,Aurora,80013,102,2,2,294.87
Loyalty Club Only,Lakewood,80226,107,5,6,374.83
Loyalty Club Only,Denver,80212,107,2,1,348.63
Loyalty Club Only,Lakewood,80228,106,8,2,396.07
Loyalty Club Only,Lakewood,80232,106,5,2,397.71
Loyalty Club Only,Broomfield,80021,103,2,1,310.67
Loyalty Club Only,Littleton,80123,101,5,1,507.33
Loyalty Club Only,Denver,80220,105,6,3,801.16
Loyalty Club Only,Aurora,80016,102,3,5,450.93
Loyalty Club Only,Denver,80230,105,1,1,143.99
Loyalty Club Only,Arvada,80004,108,4,6,473.71
Loyalty Club Only,Aurora,80015,104,2,5,433.84
Loyalty Club Only,Denver,80216,101,3,2,506.67
Loyalty Club Only,Arvada,80005,108,4,8,333.08
Loyalty Club Only,Highlands Ranch,80126,105,1,7,297.25
Loyalty Club Only,Westminster,80020,109,1,7,316.1
Loyalty Club Only,Denver,80222,106,3,4,339.76
Loyalty Club Only,Aurora,80012,104,5,4,455.58
Loyalty Club Only,Aurora,80013,104,5,6,354.57
Loyalty Club Only,Arvada,80004,108,6,1,533.2
Loyalty Club Only,Aurora,80013,104,3,8,281.56
Loyalty Club Only,Arvada,80003,103,3,2,542.59
Loyalty Club Only,Denver,80227,101,3,4,346.53
Loyalty Club Only,Denver,80212,107,3,4,289.55
Loyalty Club Only,Aurora,80016,102,1,2,132.24
Loyalty Club Only,Aurora,80012,105,6,7,480.98
Loyalty Club Only,Denver,80230,100,1,1,400.01
Loyalty Club Only,Lakewood,80226,106,4,3,423.09
Loyalty Club Only,Littleton,80120,101,2,2,352.42
Loyalty Club Only,Aurora,80016,102,4,4,542
Loyalty Club Only,Lakewood,80232,108,4,7,354.04
Loyalty Club Only,Denver,80237,105,2,2,330
Loyalty Club Only,Lakewood,80227,101,5,6,543.67
Loyalty Club Only,Lakewood,80228,101,2,3,305.91
Loyalty Club Only,Broomfield,80020,108,2,5,359.45
Loyalty Club Only,Aurora,80013,104,3,7,356.02
Loyalty Club Only,Aurora,80012,105,2,8,313.8
Loyalty Club Only,Denver,80203,106,4,4,316.58
Loyalty Club Only,Centennial,80015,102,3,5,436.14
Loyalty Club Only,Arvada,80002,106,6,6,503.86
Loyalty Club Only,Thornton,80260,109,6,8,551.81
Loyalty Club Only,Westminster,80031,103,5,6,455.14
Loyalty Club Only,Lakewood,80226,106,2,2,376.91
Loyalty Club Only,Westminster,80031,103,5,7,387.12
Loyalty Club Only,Aurora,80017,105,3,3,278.81
Loyalty Club Only,Aurora,80013,100,2,8,333.41
Loyalty Club Only,Littleton,80128,101,5,3,463.38
Loyalty Club Only,Aurora,80015,104,4,1,345.25
Loyalty Club Only,Aurora,80015,104,2,3,490.81
Loyalty Club Only,Lakewood,80227,106,2,5,516.5
Loyalty Club Only,Denver,80212,107,7,5,413.64
Loyalty Club Only,Arvada,80002,108,3,1,482.28
Loyalty Club Only,Denver,80206,100,3,4,278.78
Loyalty Club Only,Northglenn,80234,103,5,4,428.46
Loyalty Club Only,Wheat Ridge,80033,107,5,3,546.74
Loyalty Club Only,Denver,80211,106,4,6,396.71
Loyalty Club Only,Commerce City,80022,107,4,3,300
Loyalty Club Only,Denver,80260,109,5,6,492.59
Loyalty Club Only,Aurora,80012,105,5,8,413.74
Loyalty Club Only,Aurora,80014,104,3,7,341.3
Loyalty Club Only,Centennial,80015,100,2,7,280.39
Loyalty Club Only,Denver,80202,107,4,4,417.93
Loyalty Club Only,Denver,80218,104,5,8,448.18
Loyalty Club Only,Englewood,80113,100,2,7,483.27
Loyalty Club Only,Westminster,80031,103,4,1,433.66
Loyalty Club Only,Arvada,80005,103,3,8,411.84
Loyalty Club Only,Arvada,80004,103,4,6,326.08
Loyalty Club Only,Denver,80204,107,6,6,540.68
Loyalty Club Only,Denver,80210,105,4,7,513.94
Loyalty Club Only,Highlands Ranch,80130,101,4,8,397.05
Loyalty Club Only,Aurora,80012,105,2,1,292.98
Loyalty Club Only,Denver,80227,106,1,5,281.13
Loyalty Club Only,Lakewood,80214,101,1,1,309.62
Loyalty Club Only,Lakewood,80227,107,6,2,326.77
Loyalty Club Only,Aurora,80013,104,5,8,442.61
Loyalty Club Only,Denver,80210,101,5,5,534.97
Loyalty Club Only,Arvada,80004,109,2,2,278.75
Loyalty Club Only,Aurora,80014,104,7,6,477.18
Loyalty Club Only,Denver,80216,108,3,8,360.69
Loyalty Club Only,Denver,80221,106,4,1,394.37
Loyalty Club Only,Arvada,80003,106,3,1,345.06
Loyalty Club Only,Aurora,80013,104,4,2,404.43
Loyalty Club Only,Lakewood,80226,101,3,6,281.32
Loyalty Club Only,Denver,80247,100,6,8,446.09
Loyalty Club Only,Lakewood,80227,101,5,5,533
Loyalty Club Only,Denver,80230,100,2,4,278.35
Loyalty Club Only,Denver,80202,103,3,3,423.47
Loyalty Club Only,Denver,80204,101,1,8,305.08
Loyalty Club Only,Lakewood,80226,106,1,2,288.86
Loyalty Club Only,Edgewater,80214,107,3,8,405.24
Loyalty Club Only,Lakewood,80228,106,6,5,488.62
Loyalty Club Only,Aurora,80016,102,4,1,340.13
Loyalty Club Only,Wheat Ridge,80033,106,3,2,435.84
Loyalty Club Only,Lakewood,80228,106,3,8,423.32
Loyalty Club Only,Northglenn,80233,107,5,2,378.13
Loyalty Club Only,Aurora,80014,105,1,4,348.05
Loyalty Club Only,Broomfield,80021,103,3,7,290.52
Loyalty Club Only,Castle Pines,80108,102,3,6,286.45
Loyalty Club Only,Lakewood,80226,106,3,5,338.09
Loyalty Club Only,Centennial,80016,102,4,8,404.86
Loyalty Club Only,Arvada,80003,100,7,4,498.35
Loyalty Club Only,Denver,80219,100,3,6,389.52
Loyalty Club Only,Aurora,80017,105,6,4,449.02
Loyalty Club Only,Aurora,80015,105,7,4,322.03
Loyalty Club Only,Denver,80222,100,5,8,399.31
Loyalty Club Only,Denver,80222,105,4,1,377.91
Loyalty Club Only,Aurora,80014,105,1,5,283.73
Loyalty Club Only,Aurora,80013,100,4,8,377.16
Loyalty Club Only,Denver,80235,107,4,1,516.56
Loyalty Club Only,Denver,80204,103,2,1,322.8
Loyalty Club Only,Lakewood,80226,108,2,7,311.84
Loyalty Club Only,Aurora,80017,105,1,8,165.2
Loyalty Club Only,Thornton,80229,108,3,8,290.62
Loyalty Club Only,Denver,80223,107,4,1,371.5
Loyalty Club Only,Westminster,80020,109,1,2,291.65
Loyalty Club Only,Aurora,80013,104,5,7,557.58
Loyalty Club Only,Denver,80246,100,6,6,384.14
Loyalty Club Only,Centennial,80015,102,2,4,279.62
Loyalty Club Only,Denver,80220,100,6,1,557.62
Loyalty Club Only,Denver,80219,106,4,1,424.07
Loyalty Club Only,Arvada,80004,108,1,1,259.79
Loyalty Club Only,Broomfield,80020,109,3,7,393.9
Loyalty Club Only,Arvada,80002,108,1,6,318.58
Loyalty Club Only,Parker,80134,104,4,6,280.58
Loyalty Club Only,Aurora,80015,104,4,1,339.99
Loyalty Club Only,Centennial,80112,101,4,3,303.29
Loyalty Club Only,Lakewood,80226,106,4,5,455.78
Loyalty Club Only,Denver,80231,100,4,1,356.99
Loyalty Club Only,Wheat Ridge,80033,107,7,3,391.93
Loyalty Club Only,Arvada,80004,103,4,2,546.09
Loyalty Club Only,Aurora,80013,105,3,1,294.34
Loyalty Club Only,Aurora,80016,104,4,1,316.78
Loyalty Club Only,Denver,80211,108,1,6,368.32
Loyalty Club Only,Lakewood,80214,106,1,2,292.65
Loyalty Club Only,Boulder,80303,109,6,2,545.02
Loyalty Club Only,Denver,80221,106,4,3,532.52
Loyalty Club Only,Denver,80229,107,3,3,551.53
Loyalty Club Only,Littleton,80123,101,5,2,554.71
Loyalty Club Only,Centennial,80121,104,4,7,329
Loyalty Club Only,Aurora,80010,100,2,4,300.79
Loyalty Club Only,Englewood,80112,102,3,3,426.35
Loyalty Club Only,Denver,80219,107,2,5,395.69
Loyalty Club Only,Lakewood,80232,101,5,6,475.9
Loyalty Club Only,Westminster,80031,109,4,8,442.44
Loyalty Club Only,Denver,80224,100,2,6,285.32
Loyalty Club Only,Aurora,80013,104,1,4,320.8
Loyalty Club Only,Aurora,80013,104,2,7,470.45
Loyalty Club Only,Aurora,80011,100,5,8,526.74
Loyalty Club Only,Denver,80212,101,4,8,365.28
Loyalty Club Only,Lakewood,80232,106,1,2,392.29
Loyalty Club Only,Aurora,80014,105,4,6,469.81
Loyalty Club Only,Lakewood,80401,108,3,8,284.32
Loyalty Club Only,Arvada,80004,103,3,8,458.22
Loyalty Club Only,Aurora,80012,104,3,2,296.96
Loyalty Club Only,Aurora,80013,100,3,6,311.14
Loyalty Club Only,Thornton,80260,109,2,2,299.57
Loyalty Club Only,Aurora,80010,105,1,6,321.57
Loyalty Club Only,Arvada,80004,108,1,6,509.32
Loyalty Club Only,Englewood,80110,101,1,7,122.67
Loyalty Club Only,Aurora,80014,100,4,3,397.94
Loyalty Club Only,Denver,80237,105,6,4,380.61
Loyalty Club Only,Arvada,80005,107,2,1,370.34
Loyalty Club Only,Denver,80220,107,5,6,530.6
Loyalty Club Only,Denver,80206,101,4,7,303.33
Loyalty Club Only,Aurora,80017,105,1,8,109.25
Loyalty Club Only,Aurora,80016,104,1,6,197.6
Loyalty Club Only,Highlands Ranch,80129,101,4,5,299.76
Loyalty Club Only,Aurora,80017,100,2,2,306.16
Loyalty Club Only,Aurora,80013,100,3,2,381.99
Loyalty Club Only,Littleton,80123,101,2,6,369.4
Loyalty Club Only,Aurora,80014,102,3,8,352.35
Loyalty Club Only,Denver,80224,100,6,6,417.5
Loyalty Club Only,Denver,80210,100,4,7,413.88
Loyalty Club Only,Denver,80219,101,3,2,298.79
Loyalty Club Only,Lakewood,80227,106,3,4,380.88
Loyalty Club Only,Aurora,80013,104,4,3,340.17
Loyalty Club Only,Denver,80236,101,1,6,98.67
Loyalty Club Only,Aurora,80013,105,2,2,316.47
Loyalty Club Only,Denver,80247,105,6,3,546.41
Loyalty Club Only,Wheat Ridge,80033,107,3,6,415.58
Loyalty Club Only,Arvada,80005,109,4,6,478.44
Loyalty Club Only,Westminster,80031,103,3,4,488.49
Loyalty Club Only,Aurora,80016,102,2,5,409.42
Loyalty Club Only,Arvada,80003,103,3,1,360.77
Loyalty Club Only,Denver,80219,101,3,1,269.41
Loyalty Club Only,Littleton,80123,101,4,2,382.14
Loyalty Club Only,Arvada,80005,108,6,8,351.1
Loyalty Club Only,Broomfield,80021,103,4,1,495.2
Loyalty Club Only,Westminster,80030,108,4,2,307.83
Loyalty Club Only,Broomfield,80020,109,2,5,301.64
Loyalty Club Only,Denver,80227,101,4,8,447.52
Loyalty Club Only,Broomfield,80023,109,4,6,472.03
Loyalty Club Only,Arvada,80005,103,5,3,339.78
Loyalty Club Only,Lakewood,80228,103,5,8,375.84
Loyalty Club Only,Morrison,80465,106,2,5,347.54
Loyalty Club Only,Denver,80204,106,3,1,330.94
Loyalty Club Only,Thornton,80241,109,3,8,515.01
Loyalty Club Only,Broomfield,80021,103,3,2,364.82
Loyalty Club Only,Golden,80403,106,1,4,381.18
Loyalty Club Only,Lakewood,80228,106,1,6,547.95
Loyalty Club Only,Denver,80207,105,6,2,528.82
Loyalty Club Only,Broomfield,80023,109,4,7,527.7
Loyalty Club Only,Aurora,80012,105,1,5,358.51
Loyalty Club Only,Aurora,80013,104,7,5,470.32
Loyalty Club Only,Denver,80221,105,2,6,324.52
Loyalty Club Only,Lakewood,80226,106,2,8,485.5
Loyalty Club Only,Denver,80234,109,3,8,348.79
Loyalty Club Only,Broomfield,80020,109,4,3,507.38
Loyalty Club Only,Lakewood,80214,100,3,4,410.06
Loyalty Club Only,Lakewood,80226,106,5,7,315.8
Loyalty Club Only,Denver,80219,106,2,3,296.76
Loyalty Club Only,Aurora,80017,105,2,5,347.93
Loyalty Club Only,Parker,80138,102,6,1,555.72
Loyalty Club Only,Denver,80211,108,2,6,289.85
Loyalty Club Only,Lakewood,80226,108,4,6,511.92
Loyalty Club Only,Aurora,80012,100,4,4,441.89
Loyalty Club Only,Aurora,80014,100,4,7,378.35
Loyalty Club Only,Denver,80219,106,5,2,525.17
Loyalty Club Only,Aurora,80014,105,5,8,425.93
Loyalty Club Only,Denver,80207,105,2,7,295.31
Loyalty Club Only,Denver,80219,106,7,5,448.75
Loyalty Club Only,Denver,80207,103,4,8,483.24
Loyalty Club Only,Denver,80203,103,2,8,318.47
Loyalty Club Only,Aurora,80013,104,5,4,359.99
Loyalty Club Only,Aurora,80014,105,2,8,374.15
Loyalty Club Only,Denver,80231,100,3,4,529.23
Loyalty Club Only,Denver,80231,101,3,6,469.4
Loyalty Club Only,Denver,80212,107,5,3,497.61
Loyalty Club Only,Lakewood,80232,101,4,5,444.35
Loyalty Club Only,Lakewood,80232,106,4,1,387.99
Loyalty Club Only,Lakewood,80232,101,4,5,481.91
Loyalty Club Only,Denver,80206,107,2,7,378.31
Loyalty Club Only,Arvada,80005,108,3,8,303.77
Loyalty Club Only,Westminster,80031,108,4,7,293.16
Loyalty Club Only,Denver,80221,109,1,7,46.14
Loyalty Club Only,Denver,80224,100,2,4,451.28
Loyalty Club Only,Broomfield,80020,109,3,3,286.93
Loyalty Club Only,Aurora,80016,102,4,2,557.95
Loyalty Club Only,Thornton,80229,107,7,8,477.62
Loyalty Club Only,Denver,80219,101,1,2,324.84
Loyalty Club Only,Golden,80401,107,4,3,366.85
Loyalty Club Only,Denver,80202,107,4,4,295.89
Loyalty Club Only,Denver,80247,105,1,8,289.19
Loyalty Club Only,Aurora,80013,104,3,1,288.33
Loyalty Club Only,Lakewood,80214,106,5,2,478.64
Loyalty Club Only,Denver,80212,107,3,6,300.86
Loyalty Club Only,Denver,80207,100,3,4,232.16
Loyalty Club Only,Parker,80134,104,4,1,538.11
Loyalty Club Only,Golden,80403,107,4,3,508.57
Loyalty Club Only,Arvada,80004,108,4,1,453.48
Loyalty Club Only,Northglenn,80233,103,3,6,423.85
Loyalty Club Only,Englewood,80110,107,3,3,394.37
Loyalty Club Only,Broomfield,80021,109,3,2,382.31
Loyalty Club Only,Littleton,80120,100,5,3,603.75
Loyalty Club Only,Denver,80229,109,5,6,543.04
Loyalty Club Only,Aurora,80015,104,3,4,510.43
Loyalty Club Only,Wheat Ridge,80033,107,4,3,462.54
Loyalty Club Only,Denver,80219,106,3,3,286.39
Loyalty Club Only,Northglenn,80234,109,2,6,450.23
Loyalty Club Only,Aurora,80011,105,5,3,544.04
Loyalty Club Only,Littleton,80127,101,4,4,301.79
Loyalty Club Only,Broomfield,80020,108,4,2,376.09
Loyalty Club Only,Commerce City,80022,100,4,5,393.17
Loyalty Club Only,Aurora,80014,105,3,5,292.34
Loyalty Club Only,Aurora,80014,104,5,3,462.53
Loyalty Club Only,Denver,80212,108,4,3,310.2
Loyalty Club Only,Lakewood,80226,106,3,7,308.43
Loyalty Club Only,Denver,80239,100,6,3,435.55
Loyalty Club Only,Denver,80224,105,6,3,471.09
Loyalty Club Only,Lakewood,80232,106,2,1,284.87
Loyalty Club Only,Highlands Ranch,80129,101,3,2,318.55
Loyalty Club Only,Littleton,80128,106,3,6,290.25
Loyalty Club Only,Wheat Ridge,80033,107,4,8,533.39
Loyalty Club Only,Wheat Ridge,80033,108,4,2,352
Loyalty Club Only,Aurora,80017,105,4,1,423.21
Loyalty Club Only,Englewood,80113,101,5,8,647.26
Loyalty Club Only,Parker,80138,104,4,7,445.13
Loyalty Club Only,Wheat Ridge,80212,106,4,3,349.65
Loyalty Club Only,Aurora,80012,105,5,5,288.24
Loyalty Club Only,Arvada,80002,108,3,1,538.96
Loyalty Club Only,Lakewood,80226,106,4,2,340.91
Loyalty Club Only,Lakewood,80226,103,7,6,530.19
Loyalty Club Only,Denver,80219,103,1,1,385.63
Loyalty Club Only,Arvada,80005,107,1,6,365.64
Loyalty Club Only,Denver,80204,101,1,3,362.11
Loyalty Club Only,Arvada,80005,107,1,7,181.91
Loyalty Club Only,Lakewood,80226,101,3,6,436.46
Loyalty Club Only,Aurora,80014,104,4,3,449.7
Loyalty Club Only,Broomfield,80023,103,1,4,9.76
Loyalty Club Only,Lakewood,80214,107,1,5,374.81
Loyalty Club Only,Arvada,80004,108,4,2,471.89
Loyalty Club Only,Arvada,80002,107,3,4,423.15
Loyalty Club Only,Englewood,80113,100,3,5,396.43
Loyalty Club Only,Centennial,80015,104,1,8,402.3
Loyalty Club Only,Aurora,80012,105,4,1,453.16
Loyalty Club Only,Denver,80211,109,3,8,301.98
Loyalty Club Only,Denver,80221,108,3,4,463.19
Loyalty Club Only,Denver,80237,104,7,4,363.81
Loyalty Club Only,Westminster,80030,103,3,5,424.11
Loyalty Club Only,Denver,80236,101,2,4,329.29
Loyalty Club Only,Wheat Ridge,80033,108,1,7,295.59
Loyalty Club Only,Aurora,80012,100,3,2,402.33
Loyalty Club Only,Denver,80210,100,2,5,435.46
Loyalty Club Only,Denver,80204,106,5,1,548.84
Loyalty Club Only,Louisville,80027,103,4,8,301.28
Loyalty Club Only,Arvada,80004,103,3,5,343.03
Loyalty Club Only,Lakewood,80227,101,4,3,333.97
Loyalty Club Only,Aurora,80010,105,4,7,431.88
Loyalty Club Only,Aurora,80012,105,4,7,367.09
Loyalty Club Only,Englewood,80110,101,2,2,436.81
Loyalty Club Only,Westminster,80031,103,3,5,307.88
Loyalty Club Only,Denver,80230,101,4,7,440.12
Loyalty Club Only,Denver,80223,107,2,3,303.12
Loyalty Club Only,Denver,80205,107,7,5,474.08
Loyalty Club Only,Denver,80231,100,4,5,347.32
Loyalty Club Only,Aurora,80014,100,3,2,368.95
Loyalty Club Only,Aurora,80015,104,2,1,190.1
Loyalty Club Only,Arvada,80004,103,4,4,470.16
Loyalty Club Only,Denver,80219,100,7,5,439.09
Loyalty Club Only,Lakewood,80226,106,3,4,427.79
Loyalty Club Only,Highlands Ranch,80130,101,3,8,382.07
Loyalty Club Only,Arvada,80004,108,3,3,367.81
Loyalty Club Only,Denver,80224,106,4,1,367.06
Loyalty Club Only,Aurora,80012,105,3,5,387.97
Loyalty Club Only,Denver,80247,100,4,3,472.68
Loyalty Club Only,Denver,80234,107,5,5,456.23
Loyalty Club Only,Edgewater,80214,107,5,1,557.16
Loyalty Club Only,Denver,80205,103,3,1,404.87
Loyalty Club Only,Northglenn,80234,107,3,8,526.06
Loyalty Club Only,Thornton,80241,103,3,1,352.91
Loyalty Club Only,Centennial,80112,105,5,4,356.73
Loyalty Club Only,Lakewood,80228,101,3,7,347.44
Loyalty Club Only,Denver,80247,100,2,1,300.42
Loyalty Club Only,Denver,80206,101,5,1,454.98
Loyalty Club Only,Denver,80220,106,7,5,465.57
Loyalty Club Only,Lakewood,80215,106,2,8,215.48
Loyalty Club Only,Denver,80219,101,5,1,446.92
Loyalty Club Only,Aurora,80014,104,3,4,322.06
Loyalty Club Only,Thornton,80260,103,4,2,410.42
Loyalty Club Only,Denver,80204,107,2,4,313.37
Loyalty Club Only,Aurora,80016,104,3,5,403.68
Loyalty Club Only,Denver,80211,107,4,3,466.24
Loyalty Club Only,Denver,80236,101,3,2,323.03
Loyalty Club Only,Denver,80239,100,2,1,318.63
Loyalty Club Only,Wheat Ridge,80033,107,7,7,552.77
Loyalty Club Only,Denver,80237,100,3,2,330.99
Loyalty Club Only,Denver,80210,105,3,1,288.32
Loyalty Club Only,Denver,80229,103,3,7,334.66
Loyalty Club Only,Denver,80234,103,7,4,438.3
Loyalty Club Only,Broomfield,80021,103,3,3,306.53
Loyalty Club Only,Denver,80236,106,5,7,464.09
Loyalty Club Only,Denver,80210,107,4,1,410.1
Loyalty Club Only,Arvada,80004,108,4,7,309.87
Loyalty Club Only,Thornton,80233,109,3,4,343.52
Loyalty Club Only,Broomfield,80020,109,5,8,502.57
Loyalty Club Only,Englewood,80110,101,2,3,291.47
Loyalty Club Only,Northglenn,80233,109,6,1,398.91
Loyalty Club Only,Aurora,80013,104,5,2,355.57
Loyalty Club Only,Aurora,80015,104,3,7,313.05
Loyalty Club Only,Edgewater,80214,107,2,3,540.08
Loyalty Club Only,Denver,80219,107,5,5,469.36
Loyalty Club Only,Aurora,80017,105,4,1,384.76
Loyalty Club Only,Aurora,80015,104,2,6,465.74
Loyalty Club Only,Broomfield,80020,109,3,2,364.31
Loyalty Club Only,Greenwood Village,80111,101,5,5,443.79
Loyalty Club Only,Denver,80211,107,7,2,550.75
Loyalty Club Only,Denver,80212,107,3,3,536.8
Loyalty Club Only,Denver,80219,108,7,2,524.97
Loyalty Club Only,Denver,80219,101,2,1,380.48
Loyalty Club Only,Aurora,80017,105,3,7,305.27
Loyalty Club Only,Westminster,80031,109,5,5,375.87
Loyalty Club Only,Lakewood,80226,106,4,6,486.47
Loyalty Club Only,Englewood,80113,101,4,3,502.71
Loyalty Club Only,Denver,80212,107,6,4,487.35
Loyalty Club Only,Denver,80247,104,3,7,508.64
Loyalty Club Only,Aurora,80013,104,4,3,433.53
Loyalty Club Only,Arvada,80003,103,3,2,346.31
Loyalty Club Only,Denver,80247,100,3,8,339.57
Loyalty Club Only,Arvada,80003,107,4,2,430.82
Loyalty Club Only,Denver,80237,104,4,8,388.07
Loyalty Club Only,Arvada,80004,108,5,2,541.22
Loyalty Club Only,Denver,80232,106,2,8,279.93
Loyalty Club Only,Aurora,80014,100,6,7,526.87
Loyalty Club Only,Lakewood,80226,106,4,5,295.41
Loyalty Club Only,Denver,80219,101,6,8,740.41
Loyalty Club Only,Littleton,80120,101,4,6,310.08
Loyalty Club Only,Aurora,80013,102,7,5,890.12
Loyalty Club Only,Denver,80249,105,6,7,381.13
Loyalty Club Only,Denver,80209,107,4,5,344.71
Loyalty Club Only,Aurora,80017,105,2,3,291.26
Loyalty Club Only,Arvada,80003,109,1,3,512.4
Loyalty Club Only,Arvada,80004,103,1,7,448.5
Loyalty Club Only,Arvada,80003,108,6,6,421.91
Loyalty Club Only,Wheat Ridge,80214,107,4,5,206.53
Loyalty Club Only,Denver,80221,106,4,2,477.5
Loyalty Club Only,Broomfield,80021,109,4,3,492.61
Loyalty Club Only,Littleton,80120,106,3,8,294.15
Loyalty Club Only,Aurora,80012,100,3,6,362.34
Loyalty Club Only,Broomfield,80021,103,8,1,406.86
Loyalty Club Only,Denver,80223,100,4,6,303.75
Loyalty Club Only,Denver,80202,106,2,6,323.99
Loyalty Club Only,Centennial,80122,104,4,5,289.19
Loyalty Club Only,Lakewood,80226,106,4,6,478.97
Loyalty Club Only,Arvada,80004,106,3,2,319.19
Loyalty Club Only,Lakewood,80232,108,2,7,298.49
Loyalty Club Only,Aurora,80012,105,4,5,319.92
Loyalty Club Only,Aurora,80017,100,4,7,377.37
Loyalty Club Only,Denver,80205,104,6,3,466.27
Loyalty Club Only,Aurora,80012,100,4,6,398.68
Loyalty Club Only,Broomfield,80021,103,3,2,297.55
Loyalty Club Only,Centennial,80015,104,5,6,479.52
Loyalty Club Only,Denver,80231,105,4,4,432.09
Loyalty Club Only,Denver,80212,107,4,2,301.22
Loyalty Club Only,Aurora,80010,100,6,6,536.71
Loyalty Club Only,Broomfield,80020,109,7,3,537.31
Loyalty Club Only,Denver,80219,101,3,3,461.31
Loyalty Club Only,Denver,80220,106,3,6,359.18
Loyalty Club Only,Denver,80222,100,4,2,413.03
Loyalty Club Only,Aurora,80017,100,2,4,323.66
Loyalty Club Only,Denver,80220,101,5,3,477.04
Loyalty Club Only,Aurora,80018,102,7,8,444.01
Loyalty Club Only,Aurora,80014,105,5,4,338.08
Loyalty Club Only,Englewood,80110,106,3,8,411.04
Loyalty Club Only,Denver,80220,100,6,6,463.29
Loyalty Club Only,Arvada,80007,103,2,5,534.51
Loyalty Club Only,Denver,80237,104,3,7,444.63
Loyalty Club Only,Littleton,80122,101,5,2,499.31
Loyalty Club Only,Denver,80222,100,2,6,348.61
Loyalty Club Only,Centennial,80015,104,1,8,224.12
Loyalty Club Only,Denver,80204,100,1,7,387.52
Loyalty Club Only,Denver,80247,107,4,6,448.44
Loyalty Club Only,Denver,80231,100,3,5,286.76
Loyalty Club Only,Arvada,80403,106,5,5,555.33
Loyalty Club Only,Lakewood,80226,108,3,8,390.92
Loyalty Club Only,Lakewood,80226,101,6,3,555.41
Loyalty Club Only,Aurora,80013,100,4,3,290.76
Loyalty Club Only,Broomfield,80020,109,6,2,542.18
Loyalty Club Only,Denver,80216,103,4,7,333.33
Loyalty Club Only,Denver,80231,100,2,1,508.55
Loyalty Club Only,Denver,80231,105,4,6,373.34
Loyalty Club Only,Denver,80206,103,4,6,288.57
Loyalty Club Only,Northglenn,80233,107,5,4,704.7
Loyalty Club Only,Aurora,80014,104,9,5,678.45
Loyalty Club Only,Denver,80212,107,5,5,505.99
Loyalty Club Only,Arvada,80005,108,6,7,519.15
Loyalty Club Only,Lafayette,80026,103,4,6,417.77
Loyalty Club Only,Aurora,80013,104,2,1,342.97
Loyalty Club Only,Parker,80138,102,2,4,443.03
Loyalty Club Only,Littleton,80127,101,4,7,287.17
Loyalty Club Only,Thornton,80241,103,3,1,442.58
Loyalty Club Only,Denver,80212,107,4,6,545.17
Loyalty Club Only,Aurora,80016,102,3,5,380.8
Loyalty Club Only,Aurora,80012,105,4,6,358.08
Loyalty Club Only,Arvada,80004,103,4,8,371.39
Loyalty Club Only,Denver,80222,100,2,7,306.44
Loyalty Club Only,Arvada,80002,103,7,3,386.15
Loyalty Club Only,Denver,80231,100,3,4,541.29
Loyalty Club Only,Golden,80401,107,4,3,442.71
Loyalty Club Only,Broomfield,80021,103,3,7,374.67
Loyalty Club Only,Denver,80205,103,6,8,403.66
Loyalty Club Only,Denver,80246,100,5,8,543.14
Loyalty Club Only,Northglenn,80233,103,5,4,490.69
Loyalty Club Only,Westminster,80030,108,5,7,539.75
Loyalty Club Only,Denver,80247,104,3,8,295.35
Loyalty Club Only,Aurora,80015,104,3,1,321.28
Loyalty Club Only,Denver,80236,100,4,6,327.99
Loyalty Club Only,Broomfield,80020,103,4,3,390.27
Loyalty Club Only,Golden,80401,101,5,5,551.02
Loyalty Club Only,Denver,80209,105,4,1,470.4
Loyalty Club Only,Denver,80210,101,3,8,358.61
Loyalty Club Only,Denver,80211,108,5,3,447.57
Loyalty Club Only,Parker,80138,102,2,1,354.98
Loyalty Club Only,Westminster,80031,103,4,2,448.58
Loyalty Club Only,Broomfield,80021,103,2,8,307.56
Loyalty Club Only,Aurora,80013,104,1,3,280.66
Loyalty Club Only,Denver,80224,101,4,5,442.43
Loyalty Club Only,Centennial,80015,104,3,7,380.55
Loyalty Club Only,Lakewood,80401,106,1,6,239.96
Loyalty Club Only,Denver,80231,100,3,4,281.68
Loyalty Club Only,Highlands Ranch,80130,100,3,5,347.14
Loyalty Club Only,Aurora,80017,100,3,2,471.05
Loyalty Club Only,Denver,80221,101,8,8,371.49
Loyalty Club Only,Aurora,80010,100,6,4,556.06
Loyalty Club Only,Englewood,80110,101,6,8,530.78
Loyalty Club Only,Denver,80247,100,5,7,336.54
Loyalty Club Only,Lakewood,80226,106,3,6,365.4
Loyalty Club Only,Denver,80236,101,4,7,373.87
Loyalty Club Only,Denver,80247,100,6,8,495.42
Loyalty Club Only,Wheat Ridge,80033,107,2,5,372.12
Loyalty Club Only,Centennial,80015,104,4,8,417.24
Loyalty Club Only,Aurora,80013,104,4,3,396.45
Loyalty Club Only,Aurora,80016,104,2,3,309.33
Loyalty Club Only,Lakewood,80227,101,4,7,504.54
Loyalty Club Only,Aurora,80014,105,1,4,295.9
Loyalty Club Only,Wheat Ridge,80033,108,1,2,336.38
Loyalty Club Only,Centennial,80015,104,1,8,501.91
Loyalty Club Only,Centennial,80015,104,4,8,422.95
Loyalty Club Only,Broomfield,80020,109,2,5,297.64
Loyalty Club Only,Denver,80238,100,2,8,279.84
Loyalty Club Only,Centennial,80015,104,5,6,549.84
Loyalty Club Only,Denver,80247,100,4,6,453.18
Loyalty Club Only,Denver,80219,101,5,7,435.05
Loyalty Club Only,Centennial,80016,102,4,8,385.33
Loyalty Club Only,Denver,80203,100,6,6,770.3
Loyalty Club Only,Arvada,80004,108,4,4,390.76
Loyalty Club Only,Denver,80012,105,4,8,411.72
Loyalty Club Only,Lakewood,80226,101,1,7,369.11
Loyalty Club Only,Arvada,80005,107,1,1,72.88
Loyalty Club Only,Lakewood,80215,106,4,4,372.95
Loyalty Club Only,Denver,80236,106,4,2,344.77
Loyalty Club Only,Denver,80219,101,4,7,335.13
Loyalty Club Only,Littleton,80120,101,4,2,288.1
Loyalty Club Only,Aurora,80015,104,4,5,495.44
Loyalty Club Only,Thornton,80241,103,2,8,320.87
Loyalty Club Only,Denver,80222,100,4,1,483.5
Loyalty Club Only,Aurora,80015,100,2,2,382.52
Loyalty Club Only,Arvada,80003,108,3,7,424.8
Loyalty Club Only,Wheat Ridge,80033,107,1,3,309.94
Loyalty Club Only,Denver,80219,106,5,2,532.82
Loyalty Club Only,Aurora,80012,104,4,3,472.34
Loyalty Club Only,Denver,80220,107,5,8,450.21
Loyalty Club Only,Aurora,80013,104,3,4,428.39
Loyalty Club Only,Aurora,80010,105,4,8,426.53
Loyalty Club Only,Broomfield,80020,108,5,6,317.25
Loyalty Club Only,Littleton,80123,101,2,3,502.8
Loyalty Club Only,Denver,80221,103,1,8,154.28
Loyalty Club Only,Littleton,80120,101,2,7,310.03
Loyalty Club Only,Centennial,80015,104,4,3,286.6
Loyalty Club Only,Arvada,80005,103,6,5,417.58
Loyalty Club Only,Denver,80237,100,7,8,395.73
Loyalty Club Only,Wheat Ridge,80033,108,4,4,519.76